seq_id,scaffold,source_pdb,strategy,temperature,sample,length,mpnn_score,edit_distance_to_original_scaffold,identity_to_original_scaffold,edit_distance_uniprot50,boltz_monomer_ptm,boltz_monomer_plddt,boltz_complex_iptm,boltz_complex_ptm,boltz_complex_plddt,passes_novelty,status,notes,sequence
GLMN_T0.1_s1,GLMN,4F52,2a,0.1,1,247,0.9202,0.5951,0.4049,pending,0.8952,0.9063,0.8712,0.9004,0.7534,yes,boltz_complete,,LEELRELLEKIPDGSLPASLLDLPIYRELPMKLVDIITKSPDLEERKAALELLDLYYRRLDPEGRYKLIKYLLENSNDSGVRAHLIRRIRDEVARALSRDGSETEFLGENLQELLKLVFKLPKGENTNLDKWREYILAALNLLLYLVISDSKEENKTGFWDILDEILKNFLEPLKKAIAKSRAEVEARIAQLEEQIANKEISKEAKPGPVIPNLTPEDQLKVLRDALNDLDLIEFVLNQVLEEIKKQ
GLMN_T0.1_s2,GLMN,4F52,2a,0.1,2,247,0.8993,0.583,0.417,pending,0.8893,0.8986,0.8767,0.9022,0.7593,yes,boltz_complete,,LEKLRELLLKFPKGSIPASLLELPIYREIPLKLVDIITKDPDLEKRKAALELLDLYYDRLDPEGRYKLAKYLLENSNDSGVKAHIIRRIRDDIREALAGDGTVTEFLGENLVELLKLVFSLPKGADTNLDANREYILAALNLLRYLVIADSPEENKTGFWDILDEILKNFLEPLKEAIKKARAEVEARIAALRAQIAGKALSKEAAPGPRIPNLTPEDQLKVLEDSLTDLDLIEFVLEEVLELIEKR
GLMN_T0.1_s3,GLMN,4F52,2a,0.1,3,247,0.9129,0.5911,0.4089,pending,0.8817,0.9078,0.873,0.8945,0.7953,yes,boltz_complete,,LEELREELEKEPDGSIPASKLEEPEYREIPLRLVDIITKSPDLEERKAALELLDLYFKKLDPEGQYLLMKYLLENSNDSGVKAHIIRRIRERVAEALAGDGTVTEFLGEKLVELLKLVFSLPKGADTNLDANREHILAALNLLIYLVTADSPEENKTGFWSILKEIEENFLKPLRKALAKARATVEARIATLRAQIANAALSPEAAPGPVIPGLTPADQLAVLEDALNDLDLLEFVLNRVLELIEKR
GLMN_T0.1_s4,GLMN,4F52,2a,0.1,4,247,0.942,0.6032,0.3968,pending,0.8907,0.9054,0.8859,0.9142,0.7972,yes,boltz_complete,,LEELRALLEKIPDGSLPASLLELPIYREIPLELVDIITKSPDLEVRRAALELLDLYISRLDPEGQYLLFKYLLENSNDSGVKAHIINQIRKRVAEALSQPGEITEFLGEKFVELMKLVFSLPEGENTNLHQNREHILAALNLLLYLVLSDSPEENKTGFWSILDDILKNFLEPLKKAIAKAKAEINARIAALKARIAGKKTSKTAAPGPVIPNVTPEEQLKILEDGLTDLDLIEFVLNQVLEEIKKR
GLMN_T0.1_s5,GLMN,4F52,2a,0.1,5,247,0.9622,0.6154,0.3846,pending,0.9146,0.9122,0.8646,0.9001,0.777,yes,boltz_complete,,LEEIREKLLKIPDGSLPASLLDKPEYIELPLKLVDIITKDPDLEKRKAALELLDLYFKKLDYEGQYKLCKYLLKNANDSGVKAWIINRITELVKEALAGPGEDKYFLGENFVELLKLVFKLPEGENTNLDANREYILAALNLLLFLVISDSEEENKTGFWSILPEIKANFLEPLKTAIKKATAEVNERIAITKARKAGRAISKEDPPGSLIPNLSLDDQLKVLEQSLTDLDLIEFVLNEVEEAIAKR
GLMN_T0.1_s6,GLMN,4F52,2a,0.1,6,247,0.9361,0.5749,0.4251,pending,0.8858,0.9078,0.8639,0.8821,0.8023,yes,boltz_complete,,LEELREELLKIEDGSIPASKLEEPEYINIPLELVKIITESPDLEERKAALELLDLYIKRLDYEGQYKLFKHLLENSNHSGVEAHIIREITKLVKEALKKDGTITEFLGENLVELLKLVFKLPKGEDTNLDQWREHILAALNLLKFLVISDSPEENKTGFWDILDEIKKNFLEPLKKGLKKAREEVEKRIEQLKKRLENRKLSKEDEPGSRIPNVTPEDQLKILEDSLNDLDLLEFVLNEVLELIEKR
GLMN_T0.1_s7,GLMN,4F52,2a,0.1,7,247,0.9032,0.6032,0.3968,pending,0.8955,0.9134,0.8697,0.8968,0.7751,yes,boltz_complete,,LEELRAELAAIAPGSLPASLLEEPRYRELPLELVKIITESPDLEERRAALELLDLYFDRLDPEGQYLLAKYLLKNSNNSGIEAHVINRIRERVAAALAGPGTDTYFLGEKFQELMKLVFKLPKGADTNLDANREHILAALNLLLFLVISDSPEANKTGFWDILKEIEENFLKPLKEALKKARAEVEARIAELEARIAGRALSSTAAPGPVIPDLTPEDQLKVLRDSLNDLDLIEFVLNEVLEEIKKR
GLMN_T0.1_s8,GLMN,4F52,2a,0.1,8,247,0.9378,0.6073,0.3927,pending,0.8834,0.8986,0.8508,0.8832,0.7421,yes,boltz_complete,,LEELREKLLKLPPGSIPASLLDLPEYREIPLRLVEIITKSPDLEERRAALELLDLYFDRLDPEGQYKLIKYLLENANDSGVRAHVIRRIRDLVAEALAKDGSEKEFLGENFVELLKLVFKLPKGADTNLDANREHILAALNLLRYLVLSDSPEKNLTGFWSILEEIEENFLKPLKEALKKSREEVEKRIAELEAQKKGRKLSKKAKPGSRIPNMTLDDQLKVLKDSLTDLDLIEFVLEEVLELIKKR
GLMN_T0.1_s9,GLMN,4F52,2a,0.1,9,247,0.9249,0.5951,0.4049,pending,0.8865,0.8989,0.8754,0.8972,0.7878,yes,boltz_complete,,LDALRAALEAVPDGSLPASLLDLPAWRELPLALVEIITRSPDLALRRAAVELLELYYRRLDPEGQYKLFRYLLEHSNDSGVRALIIRRIREEIKKALAQDGSITEFLGEKFQELLKLVFKLPKGADTNLDANREHILAALNLLKYLIISDSKEKNKTGFWDILEEIKKNFLEPLKTALAKSRAEVEARIAALRARLAGRALSPEDAPGPRIPGMTPEEQLAVLEDSLNDLDLIEFVLDEVLELIEKQ
GLMN_T0.1_s10,GLMN,4F52,2a,0.1,10,247,0.9385,0.587,0.413,pending,0.8728,0.8765,0.8771,0.9031,0.7639,yes,boltz_complete,,LEELREELLKLPKGSIPASLLEKPEYREIPLELVDIITNSPDLELRKAALELLELYFDRLDPEGQYLLLKYLLKNANDSGVRAFCVRRLRDLVAEALAGPGDIKEFLGENFVELLKLVFKLPKGADTNLIQWAEYIRASLNLLRFLVIADSPEENKTGFWDILDEILKNFLEPLKKALAKARAEVEARIAALERDIANRALSAEREPGPEIPNLTPEDQLKVLRDALTTLDLLEFVLERVLELIKKR
GLMN_T0.1_s11,GLMN,4F52,2a,0.1,11,247,0.9332,0.6073,0.3927,pending,0.8895,0.9091,0.8869,0.9112,0.7783,yes,boltz_complete,,LEELRAELEAIPDGSLPASLLEEPRYRELPLELVEIITKSPDLEERRAALELLDLYFRRLDPEGQYLLAKYLLKNANDSGVKAHVIRRIRELVAEALKGPGTIKEFLGENLVELLKLVFKLPKGENTNLDKWREWILAALNLLKFLVISDSKEKDKTGFWSILEDILKNFLEPLKKALEKAREEVEKRIEILQEQIANKKISKKAKPGSRIPNLSPEDQLKVLKDSLNDLDLIEFVLDEVLELIKKR
GLMN_T0.1_s12,GLMN,4F52,2a,0.1,12,247,0.9274,0.5951,0.4049,pending,0.8908,0.8904,0.8647,0.8837,0.7277,yes,boltz_complete,,LEELRALLEAIPDGSLPASLLDLPFYRELPLRLVDIIVNSPDLEERRAALELLDLYFRKLDPEGQYLLAKHLLEHSNHSGVRAHVIRRIRDRIAEALAGDGTVTEFLGAKLVDLLDLVFKLPEGANTNLDANREAILAALNLLIYLVIADSPEENKTGFWSILDKVIENFLKPLQEALAKARAEVEARIATLRAQKAGRALSPEAAPGPVIPDMSLDDQLKVLEDSLNDLDLLEFVLNQVLELIKKR
GLMN_T0.1_s13,GLMN,4F52,2a,0.1,13,247,0.933,0.6073,0.3927,pending,0.8885,0.9027,0.8784,0.9096,0.8043,yes,boltz_complete,,LEELRKKLEELPDGSIPASLLELPEYRELPLELVDIITKSPDLEERKAALELLDLYFKRLDPEGQYLLCKYLLKNANDSGVKAHIINRIRDLVAEALKGDGTITEFLGEKLVELLKLVFKLPKGKDTNLLKWREHILAALNLLRYLVIADSKEKDLTGFWSILEEILKNFLEPLKEAIKKSTAELNARIATLEAQIAGAALSPTRAPGSVIPNLTPEDQLKVLRDGLNDLDLIQFVLDEVLELIKKR
GLMN_T0.1_s14,GLMN,4F52,2a,0.1,14,247,0.9441,0.6113,0.3887,pending,0.8885,0.9102,0.8625,0.8936,0.7663,yes,boltz_complete,,LEALRALLEAFPDGSIPASLLDLPVFIELPLELVDIITKNPDLALRRAALELLDLYFRRLDPEGRYKLAKHLLKTSNDSGVKAHIINLIRDDVREALKQDGSDTYFVGENLVELLKLVFKLPKGEDTNLDKWREYILAALNLLIYLVTSDSKEKNITGFWDILEEIKKNFLEPLKKAIEKATAEVNERIATLKKQIELKEISKEEPPGPRIPNLTPEEQLKVLEDSLTDLDLISFVLDEVEELIKKQ
GLMN_T0.1_s15,GLMN,4F52,2a,0.1,15,247,0.9281,0.6154,0.3846,pending,0.8946,0.8983,0.8807,0.9037,0.7597,yes,boltz_complete,,LEKLRELLEKIPKGSIPASLLDIPIYRELPLKLVEIITKSPDLEERKAALELLDLYFDRLDSEGRYILAKYLLKNANDSGVEAHIIRRIRDEVAKALAKDGSDTYFLGENFVELLELVFKLPKGEDTNLDKWREHILAALNLLLFLVISDSKEKNKTGFWTILDKILENFLEPLKKAIEKARKEVNERIAILEKRIANAALSSEAEPGPVIPNLTPEDQLKVLKDSLNDLDLIEFVLNEVLEEIEKQ
GLMN_T0.1_s16,GLMN,4F52,2a,0.1,16,247,0.9292,0.5951,0.4049,pending,0.8899,0.8969,0.8708,0.9042,0.7903,yes,boltz_complete,,LEELRAALDAIPAGSLPASLLDLPLYRELPLELVKIITESPDLAERRAALELLDLYFDRLDYEGQYLLAKHLLKTSNDSGVEAWVINRIRDLVKEALSQDGSITEFLGEKLQELLKLVFKLPEGENTNLDRWREHILAALNLLIFLVISDSEEENKTGFWTILEEILKNFLEPLKKAIKKARAEVEKRIAITEERKANLALSKEFKPGPLIPNMSLDDQLAVLRQALTDLDLIEFVLDEVLELIEKR
GLMN_T0.2_s1,GLMN,4F52,2a,0.2,1,247,0.9927,0.5992,0.4008,pending,0.8885,0.8913,0.859,0.8823,0.7835,yes,boltz_complete,,LEELREELLKQEPRSIPASLLEKPEYRELPLELVDIIVNSPDLEERKAALELLDLYLDRLDPEGQYLLLKYLLENSNHSGVRAFVVRRITELVSEALAGPGTDTYFLGDNFVELLKLVFKLPKGSDTNLDANREYILAALNLLLYLIISDDEESNKTGFWDILDEILKNFLEPLKEAIAKARAEVESRIATLQAQIASKSLSSAAAPGSRIPNLSPEDQLKVLQDSLNDLDLIEFVLDQVLEAIKER
GLMN_T0.2_s2,GLMN,4F52,2a,0.2,2,247,0.9531,0.6235,0.3765,pending,0.89,0.9026,0.8535,0.8867,0.7306,yes,boltz_complete,,LEALRAALLAIPEGSLPASLLEKPIYKEIPLALVDIIVNSPDLAERRAALELLDLYYSRLDPEGRYLLAKYLLKNSNDSGVEAHIINRIREEIAKALAGPGDVTEFLGKNFQELLELVFKLPNGENTNLDENREHILAALNLLLFLVTSDSPEKNKTGFWTILPKIKKEFLDPLKKALEKARAEVEARIAALREQKASLALSPERKPGPVIPDVSLDDALKILEDSLNDLDLIDFVLNQVLEAIAKR
GLMN_T0.2_s3,GLMN,4F52,2a,0.2,3,247,0.9811,0.583,0.417,pending,0.889,0.8761,0.8694,0.8995,0.7549,yes,boltz_complete,,LEEIEKFLKLIPDNSLPASLLELPLFRELPLNLVKIITESPNLEERKRALELLDLYFRKLDPEGRYLLAKYLLENSNDSGVKAHIIRRIRDEVARALAQDGDITEFRGENFQELMKLVFKLPKGANTNLLANREAILAALNLLKFLVLADSPERNVTGFWTILEEIKKNFLEPLKEAIKKSRAELEARIAALEEQIANAAISAEAAPGPVIPNMTPEQQLEVLRQGLTDLALIEFVLNEVLELIKER
GLMN_T0.2_s4,GLMN,4F52,2a,0.2,4,247,1.007,0.6032,0.3968,pending,0.8769,0.8676,0.8587,0.8941,0.7409,yes,boltz_complete,,LEELKEELLKEEDGSIPASKLDEPEYIELPLKLCDIITKNPDLELRKKALELLKLYFRKLDPEGRYKLMKHLLKNSNDSGIRAFIINLIRDEVKKALSSDGSITEFLGDKFVELLELVFKLPEGENTNLDANREYILAALNLLIYLVISDSEEKNLTGFWDILDKIKKNFLEPLKKAIEKAKAEVQKRIAETRAQYLGRLISKVRKPGSLIPDLSLEDQLKVLEQSLNDLELIEHVLNEVEELIKKR
GLMN_T0.2_s5,GLMN,4F52,2a,0.2,5,247,0.9935,0.6154,0.3846,pending,0.8911,0.8892,0.8794,0.9066,0.7746,yes,boltz_complete,,LEEIEAALLAIPAGSIPASLLDLPEYRDLPLELCKIITENPDLEERKRALRLLDLYFDRLDPEGQYLLAKYLLENSNDSGIKAHIVNRIRDRISEALKQDGSITEFLGDNFVELLKLVFKLPKGSDTNLIKNREFILAALNLLIYLVISDSKEKNLTGFWSILKKIIDEFLKPLKEGIKKSRAELEKRIEILERQKANRSLSKEFEPGSRIPDVSLDDDLKILKQGLNDLDLIEFVLNEVLELIEKK
GLMN_T0.2_s6,GLMN,4F52,2a,0.2,6,247,0.9798,0.6032,0.3968,pending,0.894,0.9061,0.8754,0.8922,0.7624,yes,boltz_complete,,LEEIRKKLLEIPDGSLPASLLDEPEYIELPLNLVKIITESPDLEERKAALEVLDLYFKRLDPEGRYKLIKYLLKNSNDSGVEAWLINRIREEVSEALASSGSITEFVGSKLQELLKLVFKLPDGENTNLDRWREHILAALNLLIFLVTADSPSNNITGFWDILDTILKNFLEPLKKGLKKARKEVEDRIARLRERIANRALSSVDPPGPVIPDMTPEDQLKVLEDSLNDLELIQFVLDRVLELIAKR
GLMN_T0.2_s7,GLMN,4F52,2a,0.2,7,247,0.974,0.5749,0.4251,pending,0.8941,0.9058,0.8658,0.9056,0.7889,yes,boltz_complete,,LEELKKLLLKIPDGSLPASLLDLPFYRELPLELCEIITKSPDLEKRKEALELLDLYFKKLDSEGRYKLFKYLLKTSNHSGIRAHVIRRIRDEVAKALAKPGTDTYFLGEKLVELLKLIFSLPNGADTNLDLWREHILAALNLLLYLVTKDSPEENKTGFWDILEEIKKNFLEPLKEALAKSRAEVEARIAQLNLRIALKSLSPIRPPGSVIPNVTPEEQLKILQQSLTDLDLIEFVLNEVLEAIEKK
GLMN_T0.2_s8,GLMN,4F52,2a,0.2,8,247,0.9513,0.5709,0.4291,pending,0.8882,0.9098,0.864,0.8923,0.7883,yes,boltz_complete,,LEELREELLKIPKGSLPASLLDLPEYIELPLELVKIITESPDLELRRAALELLDLYFDRLDPEGQYKLIKHLLATSNHSGVRAHIIRRIRELIKEALKGPGDIKEFLGENLVELLKLVFKLPKGSETNLDEWREWVLAALNLLKYLVISDSKEKNKTGFWDILDEIKKNFLEPLKKALAKAKAEVETRIAQLQADIANQALSPTAAPGARIPNLTPADQLKVLQASLTDLDLIEFVLDEVLELIEKQ
GLMN_T0.2_s9,GLMN,4F52,2a,0.2,9,247,1.034,0.6235,0.3765,pending,0.8852,0.8981,0.8644,0.8938,0.7201,yes,boltz_complete,,LEALRELLEKLPPGSIPASLLELPEWRELPLELVKIITESPDLELRRAALELLDLYLSRLDPEGQLLLLKHLLQTSNDSGVRAHLIRECTKLIKEALSQPGTITEFVGENLVELLKLIFTLPEGENTNLNLWREHILAALNLLIYLVTSDSKEKDITGFWSILPEIIENFLRPLEKALAKARAEVQARLATLQSRIAGRAASPTDAPGSTIPNVTPEQQLEILQQALNDLDLIQFVLDEVLELIEKK
GLMN_T0.2_s10,GLMN,4F52,2a,0.2,10,247,0.9666,0.6154,0.3846,pending,0.8887,0.8933,0.8696,0.892,0.7504,yes,boltz_complete,,LEELRAVLKKIADGSLPASLLDLPIYREIPLELVDIIVNDPDLEKRKEALELLDLYFRKLDPEGQYLLAKYLLKHSNDSGVRAHIVRRITDAVKEALAGPGTNTYFLGEKLQELLKLIFSLPEGENTNLDAWREYILAALNLLIYLTISDSPEENKTGFWDILDEILENFLEPLKKAIEKARKEVEERIKTLEEQKANLAKSKTASPGPTIPGMTLEDQLKVLKQALNDLDLIQFVLDQVLELIKKR
GLMN_T0.2_s11,GLMN,4F52,2a,0.2,11,247,0.9666,0.5992,0.4008,pending,0.8779,0.8854,0.8461,0.8669,0.7555,yes,boltz_complete,,LEALREALAAIPDGSLPASLLDLPLYRELPLQLVDIITNSPDLAERKAALDLLGLYFRRLDPEGRYLLIKYLLENSNDSGVRAWVINEIRDLVLEALKKSGEDTYFVGEKLQELLELVLRLPNGENTNLDKWREYILASLNLLIFLVTSDSKEKNITGFWDRLEDIEKNFLEPLKKGIAKARATVEARIAQLQAQKANAALSATAAPGATIPNLTADDQLKVLQDSLNDLDLIQFVLDRVLELIKKQ
GLMN_T0.2_s12,GLMN,4F52,2a,0.2,12,247,0.9967,0.6599,0.3401,pending,0.8833,0.8984,0.8544,0.8891,0.7861,yes,boltz_complete,,LEALRALLEAIPRGSLPAELLELPIWRELPMKLVDIITNSPDLDERRAALELLELYFDRLDPEGRYLLAKYILKNANNSGIKAFVVNRIRDEVYRALKQDGSITEFVGENFVELMKLVFKLPNGENTNLDANAEYILAALNLLLFLVLSDSPEKNITGFWTILDEIKKNFLEPLKKAIEKATKELNDRIATLTAQKENRAISATEAPGKRIPNVSLDDQLRILNDSLNKLDLIRHVLDEVLEAIEKK
GLMN_T0.2_s13,GLMN,4F52,2a,0.2,13,247,0.9662,0.5951,0.4049,pending,0.8869,0.9044,0.8598,0.8871,0.7507,yes,boltz_complete,,LEELRAELEAIADGSLPAELLLLPEYRELPLRLVDIITKNPDLETRRAALALLDLYFRKLDPEGQYLLMKYLLENANDSGVRAHIINRIREQVAAALAGPGLDKYFLGENLQELLKLVFKLPEGENTNLDKWREYILAALNLLRYLILADSPEENRTGFWTNLDEILENFLKPLEAALKKARAEVEKRIAELEAQRAARALSATAAPGPRIPGMSLEDQLRVLRDSLTDLDLLEFVLNEVLELIEKR
GLMN_T0.2_s14,GLMN,4F52,2a,0.2,14,247,0.951,0.5749,0.4251,pending,0.8906,0.9011,0.879,0.9097,0.7861,yes,boltz_complete,,LEELRKELLKIPDGSIPASLLDEPEYREIPLELVEIITKSPDLEKRKEALELLDLYISRLDAEGRYKLFKYLLENANDSGVKAHIINRIRDEVSEALKGKDDIKEFLGENLVELLKLVFKLPEGADTNLSLWREHILAALNLLLYLVISDSKEENKTGFWSILDEIKENFLKPLKEALKKARAEVEKRIAILKAQIANRATSATRAPGATIPNLTPEDQLKVLEDALNDLDLIEFVLEQVEEEIEKR
GLMN_T0.2_s15,GLMN,4F52,2a,0.2,15,247,0.9838,0.5789,0.4211,pending,0.8885,0.9042,0.8765,0.9038,0.7648,yes,boltz_complete,,LEELEKKLLEIEDGSIPASLLDLPEYKNIPLELVDIITNSPDLEERKRALKLLDLYFKKLDSEGRYILAKYLLKNSNNSGVEAHIINRIRDEIKEALAGPGDDTEFLGEKFQELMKLVFKLPKGADTNLDANREHILAALNLLRYLVIADSPEKNKTGFWTILDDILKNFLEPLKKGLAKARAEVNDRIARLKEDMANRKRSKKRKPGPRIPNVSLEDQLKILEDALNDLDLIQFVLDSVLELIAKR
GLMN_T0.2_s16,GLMN,4F52,2a,0.2,16,247,0.9648,0.5749,0.4251,pending,0.9008,0.9013,0.858,0.897,0.7456,yes,boltz_complete,,LDELRELLLKIPPRSLPASLLDLPVFRQIPLALVDIITKSPDLEERRAALELLDLYFSRLDPEGQLKLSRYLLENSNDSGVQAHIINQIRDLIAEALAQDGTIQEFLGEKLVELLKLVFKLPEGANTNLIANREHILAALNLLRYLVTADSPEDNKTGFWTILDEIKKNFLEPLKAGIAKARATINARIAQLKADIAGKSLSSTAAPGPEIPNVTPEDQLKILQDALNDLDLIAFVLDDVLELIAKR
GLMN_T0.3_s1,GLMN,4F52,2a,0.3,1,247,1.036,0.6032,0.3968,pending,0.898,0.8957,0.8511,0.8751,0.776,yes,boltz_complete,,LDELRALLEKIPEGSLPASLLELEDMVKLPLELVDIIVKNPNLEERKAALELLDLYLKRLDPEGRYLLFKHLLANSNDSGVEAHIIRRIRDEVREALKGPGNVTEFLGAKLQELLELVFKLPEGANTNLDAWADRILAALNLLLFLVIRDSPEKNLTGFWTILPRVMENFLNPLKEALAKATAEVNARIATLQAQAAAAALSPTAAPGSTIPGVTAADQIKILQESLNTLDLLQFVLDQVLEEIEKR
GLMN_T0.3_s2,GLMN,4F52,2a,0.3,2,247,1.0211,0.5911,0.4089,pending,0.8892,0.9056,0.8557,0.8819,0.7841,yes,boltz_complete,,LEELRKILEAIPDGSLPASLLELPIFRSLPLSLVEIITKNPDLEKRKAALKLLDLYYDRLDPEGRYRLYKYLLSTANDSGVKAHIIQRIRDDIKEALAGDGTVTEFLGENLVDLLKLVFTLPDGENTNLQRNREYILAALNLLIYLTISDSPEANKTGFWSILDEIKKNFLEPLKKGIELSRKKIEERIARLELQLALQKVSKTAPPGPRIPNLTPEDQLKVLKDALNDLDLIAFVLDTVLELISKR
GLMN_T0.3_s3,GLMN,4F52,2a,0.3,3,247,1.0393,0.6235,0.3765,pending,0.8819,0.8958,0.8636,0.8778,0.7989,yes,boltz_complete,,LADLAAALAAVPDGSLPASLLEVPVARELPLRLVDIITRSPDLDERRAALALLRAYLARLDPKGRLLLYEHLLSTSNDSGVKAFIINEVREDVLEALNKEDDITEFLGENFQKLMKLIFSLPNGSDTNLDEWREYILAALNLLIYLVISDSKEDNKTGFWNNLDEILKNFLEPLKQGIKKAREEVEKRIKILEEQKSNRSTSSTAKPGKRIPNVSIDDQLKILKDSLNDLDLIEYVLDRVLELIKKR
GLMN_T0.3_s4,GLMN,4F52,2a,0.3,4,247,1.016,0.6235,0.3765,pending,0.888,0.9024,0.8781,0.9076,0.7414,yes,boltz_complete,,LEELEKKLLKIPDKSIPASLLDLPEERNIPLNLVKIITESPDIEERQQALKLLDLYFDKLDFEGQYKLASYLLKNSNDSGIKAHVINRIRELVHEALKGDNDVTEFLGDNFVKLMELIFKLPKGENTNLDKWREYILAALNLLLYLIIRDSEENNKTGFWDRLEEIIKNFLEPLKKAIKKAKEEVEKRIAILKEQIEEKKLSKKRKPGKRIPDLSPEDQLRVLEDSLTDLELIEFVLEQVLEEIKKR
GLMN_T0.3_s5,GLMN,4F52,2a,0.3,5,247,1.0084,0.6032,0.3968,pending,0.8926,0.9016,0.8721,0.8968,0.7771,yes,boltz_complete,,LEELAKALAAIPRGSLPASLLELPLYRQLPLELVRIITQNPDLELRRAALELLELYFDRLDPEGRLLLIKHLLKTSNHSGVEAFLIRRITADVREALAGPGDVTEFLGEKLQELLKLVFKLPEGENTNLIRWREHIMAALNMLLYLVIADSPEEDKTGFWKIKEEVEKNFLIPLQKAIEKARAEVTARIAATEARKAGKALSATDAPGPLIPNMTLDEQLKVLNDALNDLDLIEFVLNEVLEEIKKR
GLMN_T0.3_s6,GLMN,4F52,2a,0.3,6,247,1.061,0.587,0.413,pending,0.89,0.8654,0.8613,0.8951,0.7898,yes,boltz_complete,,LDEIEELLKKIPDGSLPASLLDIPIYRELPLELVEIITNNPDLELRKRALELLELYYDRLDPEGRYLLIKYLLLNANHSGIRAHLIRRIRREISRALLEEGRITEFLGEKLVDLLELVFSLPKGADTNLDLWREHILAALNLLKYLIIRDSKETNLTGFWDILPKIEENFLKPLEEGLKKARAEVEERIKITKEQQENLKLSSTPKPGPLIPNMNLEDQISVLQNALTDLELLEFVLNEVKELIKKR
GLMN_T0.3_s7,GLMN,4F52,2a,0.3,7,247,1.0567,0.6113,0.3887,pending,0.8897,0.9079,0.8768,0.9028,0.7984,yes,boltz_complete,,LEALRAALEAIPAGSLPASLLELPVYRELPLALVKIITESPDLAERKAAVDLLLLYFDRLDPEGQYLLFTHLLRHSNNSGVRALIIDRIRDRIAEALRGPGTVTEFLGENLQKLLELVLSLPNGEDTNLLEYEEHILAALNLLKYLVVSDSPEENKTGFWDRLSEILENFLIPLKKAIAKSRAQLKERIARLKQQAESRALSDTPAPGPVIPDLSIADQLAVLEDGLIKLERIEFVLNEVLELIESR
GLMN_T0.3_s8,GLMN,4F52,2a,0.3,8,247,1.0199,0.6275,0.3725,pending,0.8962,0.9036,0.8781,0.906,0.7795,yes,boltz_complete,,LQEIRDALAALPDGSIPSSLLDIPFWRELPLNLCDIITQSPDLELRQAALELLDLYFSRLDPEGRYKLIKYLLKTSNNSGIKAHVIRKITEEVKRALSGPGDISEFLGEKLKELLKLVFKLEKGENTNLLANREYILAALNLLLYLVLSDSPEENKTGFWDILEEIKKNFLEPLKKALKKAREELTTRIETLQQQIANQKISPERTPGSTIPNLTPEDQLKVLEAGLNDLDLIEFVLKQVEEAIEER
GLMN_T0.3_s9,GLMN,4F52,2a,0.3,9,247,1.0297,0.587,0.413,pending,0.889,0.8861,0.8622,0.8776,0.7446,yes,boltz_complete,,LEKLREFLLKLPDNSLPASLLELPIFRELPLRLVDIITKSPDLEVRKAALELLDLYIRRLDPEGKYLLYKYLLETSNDSGVKAHIIRRITKEVERALKQDGSITEFLGEKLVDLLKLVFYLPKGADTNLDRWREAILAALNLLLYLVIADSPEENKTGFWNILDEILKNFLEPLKKAIEKARAEVESRISALKARRLNKLVSPEDPPGSVIPGLTMEDQLAVLQQSLNDLDLIEFVLDEVLEEIEKR
GLMN_T0.3_s10,GLMN,4F52,2a,0.3,10,247,1.0682,0.6032,0.3968,pending,0.8815,0.9057,0.8521,0.8902,0.7899,yes,boltz_complete,,LEALRALLEAIPPGSIPASLLDLPLFRELPLRLVDIITKSPDLAERKAALELLELYVERLDPEGRLRLFKELLLTSNHSGVKAWVIQQIRKEVQRALKQSASIKEFLGERFQELLKLVFSLPEGENTNLNRWSEWIRAALNLLLYLVTSDSKEENKTGFWDVLEDIKKNFLVPLKKAIAKSRATVEERLAITRERAAGAARSREAKPGPLIPDMSLENQIAVLEASLTELDLIEHVLELVEEAIEKQ
GLMN_T0.3_s11,GLMN,4F52,2a,0.3,11,247,1.035,0.587,0.413,pending,0.892,0.901,0.844,0.886,0.7938,yes,boltz_complete,,LETLKALLDKIPDGSLPASLLDLPIFRDIPLQLVDIIVNNPDLEERKAALELLDKYIAKLDPEGQYLLFKHLLQTANDSGVRAHVVRRIQENVAKALKQPGNISEFVGENLQKLLKLVFTLPNGPNTNLIANAEWVLASLNLLQFLVTSDSKSKNITGFWDILDEIVENFLKPLREALAKARAEVQAAIAALQARIAGRAASAADAPGPKIPGMTAEEQLAVLQDALTTLDLIEFVLNRVEELIKKQ
GLMN_T0.3_s12,GLMN,4F52,2a,0.3,12,247,1.0074,0.6235,0.3765,pending,0.8795,0.9037,0.8816,0.91,0.7509,yes,boltz_complete,,LEALRALLAAVPDGSLPATLLDLPIWRELPLALVKIITESKDLELRRAALELLDLYFSRLDPEGRYLLLKHLLETANDSGVKAHVIRRIRDLVAEALSKDDTDTYFVGEKLQELLELVFKLPKGEDTNLHKWREWILAALNLLLFLIISDSEEKNITGFWTNLKRIEENFLKPLKKAIEKATKEINDRINILQLRIELQSLSRTDPPGSVIPNVSPEDQLKILQDGLNDLELIQFVLDQVLEEIKKK
GLMN_T0.3_s13,GLMN,4F52,2a,0.3,13,247,1.0881,0.6275,0.3725,pending,0.8912,0.8994,0.8578,0.8888,0.789,yes,boltz_complete,,LQKLRELLEKYPDGSIPAELLELPIYKEIPLRLVDIIVNNPDLEKRQLALELLDLYFEKLDPEGRYLLIEYLLRHSNNSGVKAHLIRRITKEVARALAGDGSDTYFLGDKLVALLKLVFSLPKGADTNLIANREAILAALNLLQFLITRDSPEENRTGFWDILDEIIENFLKPLQKAIEKAREEVQKRIEILQKQKENQNLSKQRKPGSEIPGMNMEDQLKVLKDALNDLDLIQFVLDSVLALIEKR
GLMN_T0.3_s14,GLMN,4F52,2a,0.3,14,247,1.0527,0.6194,0.3806,pending,0.8785,0.8708,0.8545,0.89,0.7476,yes,boltz_complete,,LEEIEKALNKLPDGSIPASLLELPEYRELPLNLCTIITKSPDLEERKRALKLLDLYFKKLDPEGQYLLITYLLKHSNHSGIRAHLIRRITKLVYEALAGPGDVQEFLGEKFVALLKLVLKLPKGADTNLDLWREHILAALNLLLFLITRDSPERNVTGLWDILETIEKEFLLPLKEALTKARAEVTARIAKLEERIAARATSSKDKPGAVIPNLTPEDQLRVLQDALIDLDLIEFILEQVLEAIQKR
GLMN_T0.3_s15,GLMN,4F52,2a,0.3,15,247,1.0492,0.587,0.413,pending,0.9026,0.9109,0.8672,0.899,0.7821,yes,boltz_complete,,LEELERLLKAFPPRSIPASLLDLPLFREFPLSLVDIITKNPDLELRKAALHLLDLYFDRLDPAGQYKLAKYLLENSNDSGVDAHIIRRIRRLVAEALDQPDEIKEFLGDKLVELLELVFKLPNGEDTNLIKNSEKILAALNLLKYLIIRDSKEENKTGFWDILDKIKKNFLTPLRKGLEKAKAQVQARIAQTQARKAGLAASSTFAPGPLIPNMSLDQQLQVLQDALNTLDRIQFVLDNVEELIKER
GLMN_T0.3_s16,GLMN,4F52,2a,0.3,16,247,1.0512,0.6032,0.3968,pending,0.8893,0.8888,0.8607,0.8984,0.674,yes,boltz_complete,,LEELREELEKIPDRSLPAEKLLQPEYIKIPLELVKLITYSPDIEVRKEALELLDLYYDRLDPEGRYLLMKHLLKNSDDSGIRAHVVRRIRDEIAEALKQEGKITEFVGEKLVELLKLVLKLPEGEETNLIANSEFILAALNLLIFLVTADSKEKDVTGFWSILKEILENFLEPLKKALKKSRATITARIDTLRARMAGAALSPEAAPGTVIPNLTPADQLAVLEDGLIVLDRIEFVLNKVLELIEQQ
CUL1_WHB_T0.1_s1,CUL1_WHB,1LDJ,2b,0.1,1,72,0.988,0.6111,0.3889,pending,0.9426,0.9662,0.6579,0.7832,0.7267,yes,boltz_complete,,GLKLFEIRGAIVKIMREKKVIKKDELKKLVKERLADKFKPKDELIDRAIAILEERGYLRVVEGDPNTYEYLP
CUL1_WHB_T0.1_s2,CUL1_WHB,1LDJ,2b,0.1,2,72,0.9666,0.625,0.375,pending,0.9453,0.9616,0.5693,0.7231,0.7179,yes,boltz_complete,,GLRRFLISGTIVKIMKEKKIIKKEELKELVKKELESIFRPKDEEIEREIAVLLDRGYLKIVEGDPNTYEYLP
CUL1_WHB_T0.1_s3,CUL1_WHB,1LDJ,2b,0.1,3,72,1.0023,0.6111,0.3889,pending,0.951,0.9675,0.6803,0.7943,0.7199,yes,boltz_complete,,GLKEFLIRGTIVKIMREKKVLKREDLKKLVKERLASKFTPEDDLIDREIAVLIDRGYLRVVPGDPDTYEYIP
CUL1_WHB_T0.1_s4,CUL1_WHB,1LDJ,2b,0.1,4,72,1.0049,0.6111,0.3889,pending,0.9393,0.9596,0.7484,0.8032,0.7087,yes,boltz_complete,,DLKLFLISGTIVKIMREKKVLKRDELIALVKEALADKFTPADEDIERAIAVLIDRGYLRVVEGDPDTYEYLP
CUL1_WHB_T0.1_s5,CUL1_WHB,1LDJ,2b,0.1,5,72,0.9481,0.6111,0.3889,pending,0.9475,0.9659,0.5245,0.6788,0.6967,yes,boltz_complete,,DLKLFRIKGAIVRIMRKEKVLKRDELKAKVKEELAGEFTPADADIDRAIAVLIDRGYLRVVPGDPNTYEYLP
CUL1_WHB_T0.1_s6,CUL1_WHB,1LDJ,2b,0.1,6,72,1.0034,0.625,0.375,pending,0.9417,0.9567,0.7245,0.7666,0.6593,yes,boltz_complete,,DEKLFLIRGAIVKIMRKKKVIKKEELIKLVKEELKDKFNPPDELIERAIAILIDRGYLRIVPGDPNTYEYIP
CUL1_WHB_T0.1_s7,CUL1_WHB,1LDJ,2b,0.1,7,72,0.9898,0.6389,0.3611,pending,0.9407,0.9565,0.7105,0.7588,0.7243,yes,boltz_complete,,GLRRFRIRGAIVKIMREKKVIKREELIELVKEELKSEFIPEESEILREIAVLEERGYIRIVEGDPNTYEYIP
CUL1_WHB_T0.1_s8,CUL1_WHB,1LDJ,2b,0.1,8,72,0.9655,0.5833,0.4167,pending,0.9434,0.9601,0.7593,0.7897,0.7229,yes,boltz_complete,,DLKLFRIKGAIVRIMREKKVLKLDELIALVKEELASEFIPEDEDILRAIALLEERGYLRRVPGDPNTYEYLP
CUL1_WHB_T0.1_s9,CUL1_WHB,1LDJ,2b,0.1,9,72,1.0018,0.625,0.375,pending,0.9421,0.9627,0.6951,0.7899,0.7269,yes,boltz_complete,,GLKRFEIKGAIVKIMKEKKVIKLEELIELVKKELASKFKPAEEEILEEIAVLIDRKYLKVVEGDPNTLEYIP
CUL1_WHB_T0.1_s10,CUL1_WHB,1LDJ,2b,0.1,10,72,1.0329,0.5556,0.4444,pending,0.9444,0.9656,0.5857,0.6845,0.6994,yes,boltz_complete,,GLEDFLIKGTIVKIMREKKVIKRDELIELVKKELSSKFKPEVERIERCIAVLEERGYLRVVEGDPDTYEYLP
CUL1_WHB_T0.1_s11,CUL1_WHB,1LDJ,2b,0.1,11,72,0.9993,0.5972,0.4028,pending,0.9502,0.9728,0.4738,0.6707,0.7384,yes,boltz_complete,,GLKDFLIMGTIVKIMRKEKVIKRADLVAKVKEALAGKFVPADEDIDRCIAVLIERGYLRVVPGDPDTYEYLP
CUL1_WHB_T0.1_s12,CUL1_WHB,1LDJ,2b,0.1,12,72,0.9643,0.6111,0.3889,pending,0.9418,0.9625,0.6891,0.7903,0.7398,yes,boltz_complete,,GLKLFEIMGAIVRIMREKKVIKKDELIELVKKELAGKFKPADSLIERAIAVLIDRGYLRIVEGDPDTYEYIP
CUL1_WHB_T0.1_s13,CUL1_WHB,1LDJ,2b,0.1,13,72,1.0111,0.6111,0.3889,pending,0.9458,0.9716,0.6354,0.7423,0.7122,yes,boltz_complete,,GLRDFLISGTIVKIMREKKVLKLDELIALVKEALASIFTPEDDDILRQIAVLEDRGYLRVVEGDPNTYEYLP
CUL1_WHB_T0.1_s14,CUL1_WHB,1LDJ,2b,0.1,14,72,1.0288,0.6389,0.3611,pending,0.9406,0.9595,0.6279,0.7356,0.7078,yes,boltz_complete,,GLRLFEIKGTIVKIMREEKILKREELIEKVKAALADRFTPADSLIERAIAVLEDRGYLRVVEGDPNTYEYLP
CUL1_WHB_T0.1_s15,CUL1_WHB,1LDJ,2b,0.1,15,72,0.9851,0.6389,0.3611,pending,0.9453,0.9717,0.5913,0.6909,0.7435,yes,boltz_complete,,GLKEFEIKGTIVKIMREKKVIKREELKKLVKEKLASKFKPEDALIERCIAVLLDRGYIRVVEGDPNTYEYLP
CUL1_WHB_T0.1_s16,CUL1_WHB,1LDJ,2b,0.1,16,72,0.9766,0.5972,0.4028,pending,0.9429,0.9653,0.5906,0.7086,0.6857,yes,boltz_complete,,DLKLFEIMGAIVKIMREKKVIKKEELKELVKKELASRFKPKDSLIDRAIAVLIDRGYLKVVPGDPNTYEYLP
CUL1_WHB_T0.2_s1,CUL1_WHB,1LDJ,2b,0.2,1,72,1.0454,0.6111,0.3889,pending,0.9366,0.9588,0.5399,0.6914,0.6907,yes,boltz_complete,,DDILFEIRGAIVKIMKKEKVLKLDELIKKVKEELKGKFVPEDDLILRAIAVLIDRGYLKVVEGDPNVYEYLP
CUL1_WHB_T0.2_s2,CUL1_WHB,1LDJ,2b,0.2,2,72,0.9821,0.5556,0.4444,pending,0.9429,0.9524,0.6635,0.7826,0.6809,yes,boltz_complete,,DLRLFRIQSAIVRIMKEKKVLKLDELKALVKEELAGEFTPEDDLILRAIAVLEERGYLKVVEGDPDTYEYLP
CUL1_WHB_T0.2_s3,CUL1_WHB,1LDJ,2b,0.2,3,72,1.0453,0.6111,0.3889,pending,0.9428,0.9606,0.701,0.7904,0.7442,yes,boltz_complete,,GLRRFRIRGAIVKIMREKKRIKRDELVAEVKKALASEFKPADSDIDREIAVLEDRGYLRVVPGNPDEYEYLP
CUL1_WHB_T0.2_s4,CUL1_WHB,1LDJ,2b,0.2,4,72,0.9933,0.5833,0.4167,pending,0.9395,0.9475,0.6064,0.7226,0.7019,yes,boltz_complete,,GSRLFAIKGAIVKIMKEKKVLKREELKELVKERLAGRFVPKDEDIERAIAVLIDRGYLRVVEGDPDTYEYIP
CUL1_WHB_T0.2_s5,CUL1_WHB,1LDJ,2b,0.2,5,72,1.0302,0.6389,0.3611,pending,0.9413,0.9553,0.472,0.6405,0.7083,yes,boltz_complete,,GLKRFEIRGTIVKIMKKEKVIKLDELIEKVKEELKGKFIPKESDILREIGILIDRKYLRIVPGDKNTLEYIP
CUL1_WHB_T0.2_s6,CUL1_WHB,1LDJ,2b,0.2,6,72,1.0018,0.5694,0.4306,pending,0.9431,0.962,0.4294,0.627,0.713,yes,boltz_complete,,GLKRFEIKSAIVKIMREKKVLKKDELIALVKERLASRFKPAESDILREIAVLIERGYLKVVEGDPNTYEYLP
CUL1_WHB_T0.2_s7,CUL1_WHB,1LDJ,2b,0.2,7,72,0.9847,0.625,0.375,pending,0.9338,0.954,0.5698,0.7218,0.6895,yes,boltz_complete,,DLKLFRIGGTIVRIMKEKKVIKRDELKALVKERLADEFTPPDELIDRVIAVLEERGYLRVVEGDPDTYEYIP
CUL1_WHB_T0.2_s8,CUL1_WHB,1LDJ,2b,0.2,8,72,1.033,0.625,0.375,pending,0.9411,0.9683,0.5783,0.7144,0.704,yes,boltz_complete,,GLERFLISGTIVKIMREEKVIKLDELIAKVKEALESKFKPKDSLILREIAVLIERKYLRVVKGDPNTLEYIP
CUL1_WHB_T0.2_s9,CUL1_WHB,1LDJ,2b,0.2,9,72,0.9972,0.5972,0.4028,pending,0.947,0.9658,0.6055,0.7305,0.6933,yes,boltz_complete,,DLKLFLIKSTIVKIMKEKKIMKKEELKKEVKERLKGKFKPKDSLIERAIAILIERGYLRVVPGDPNTYEYIP
CUL1_WHB_T0.2_s10,CUL1_WHB,1LDJ,2b,0.2,10,72,1.0262,0.5972,0.4028,pending,0.9464,0.9669,0.6271,0.7548,0.7117,yes,boltz_complete,,GLKRFLIRGTIVKIMKEKKVLKKEELKKLVKEALANKFKPADSLIDREIAVLIERKYLRIVPGDPNTYEYIP
CUL1_WHB_T0.2_s11,CUL1_WHB,1LDJ,2b,0.2,11,72,0.9782,0.6111,0.3889,pending,0.9471,0.9693,0.5265,0.6827,0.7377,yes,boltz_complete,,GLKDFLIKGTIVKIMREKKVIKREDLKALVKEELAHLFKPEDAFIDRQIAVLIERGYLRVVEGDPDTYEYIP
CUL1_WHB_T0.2_s12,CUL1_WHB,1LDJ,2b,0.2,12,72,0.9981,0.5833,0.4167,pending,0.9386,0.9617,0.4285,0.631,0.711,yes,boltz_complete,,GLKLFLIRGAIVKIMKKEKVIKKEDLIKKVKEELKSIFEPEDSEIERAIQILLERGYLKIVPGDPNTYEYLP
CUL1_WHB_T0.2_s13,CUL1_WHB,1LDJ,2b,0.2,13,72,1.0403,0.6111,0.3889,pending,0.9426,0.9613,0.6171,0.7227,0.7157,yes,boltz_complete,,DLILFEIKGAIVKIMKEKKVLKEEELIKLVKEELKSKFTPKEDLIRRAIKVLEDRGYLRVVEGDPNTYEYLP
CUL1_WHB_T0.2_s14,CUL1_WHB,1LDJ,2b,0.2,14,72,0.9622,0.6528,0.3472,pending,0.941,0.9679,0.3443,0.5879,0.7412,yes,boltz_complete,,GLKEFLIRGTIVKIMKEKKVIKKDELIKLVKEKLKDKFIPKEEDILRAIAVLEDRGYIKKVEGDENTYEYLP
CUL1_WHB_T0.2_s15,CUL1_WHB,1LDJ,2b,0.2,15,72,0.962,0.625,0.375,pending,0.9446,0.9605,0.4786,0.6589,0.7293,yes,boltz_complete,,GLKLFEIKGTIVKIMKEEKILKKEELKKLVKEKLKDKFEPEDELIDRAIAILIDRGYLRIVEGDPETYEYLP
CUL1_WHB_T0.2_s16,CUL1_WHB,1LDJ,2b,0.2,16,72,1.0294,0.5833,0.4167,pending,0.9464,0.9691,0.761,0.813,0.742,yes,boltz_complete,,GLKEFRIRGTIVKIMKEKKVLKYDELKKLVKERLKDEFVPEDDLIDRCIAILIERKYLAIVPGDPNTYEYLP
CUL1_WHB_T0.3_s1,CUL1_WHB,1LDJ,2b,0.3,1,72,1.057,0.5833,0.4167,pending,0.9434,0.9651,0.497,0.6388,0.7396,yes,boltz_complete,,GLRRFLIRGTIVRIMREKKVIKYEELVELVKEELRGIFKPADSEIEREIAVLIERGYLRVVEGDPNTYEYLP
CUL1_WHB_T0.3_s2,CUL1_WHB,1LDJ,2b,0.3,2,72,1.0901,0.6389,0.3611,pending,0.9424,0.9577,0.5753,0.7114,0.7036,yes,boltz_complete,,GLRLFEIMGTIVKIMKEEKELDLEELIQLVKERLADRFKPKESDILRAIEILKERKYIKIKKGDPNTYIYIP
CUL1_WHB_T0.3_s3,CUL1_WHB,1LDJ,2b,0.3,3,72,1.0891,0.6111,0.3889,pending,0.9447,0.9602,0.6014,0.7359,0.7094,yes,boltz_complete,,DLKRFLISSEIVKIMKEKKVLKYDDLVALVKEALKDRFKPADSLIREEIAVLLERGFLRIVPGDPNTYEYIP
CUL1_WHB_T0.3_s4,CUL1_WHB,1LDJ,2b,0.3,4,72,1.0463,0.6389,0.3611,pending,0.9451,0.9602,0.4789,0.6688,0.6724,yes,boltz_complete,,DLKLFLIMGEIVKIMKEEKIIEKEELIKKVKERLKAKFNPKEDDIERAINILLDRKYLEIVKGNPNTYKYLP
CUL1_WHB_T0.3_s5,CUL1_WHB,1LDJ,2b,0.3,5,72,1.1626,0.6389,0.3611,pending,0.9373,0.9536,0.4321,0.6228,0.7201,yes,boltz_complete,,GLREFLIRGTIVRIMREKRILEEEELLKLVHEELKSKFTPPDELVRRCIALLEERGYLRIVPGNPKIYEYIP
CUL1_WHB_T0.3_s6,CUL1_WHB,1LDJ,2b,0.3,6,72,1.0524,0.5556,0.4444,pending,0.9372,0.9402,0.525,0.6729,0.712,yes,boltz_complete,,DLDRFLIQGTIVKIMKKEKILKEEELVKKVKEELASIKKPKDSLIKREIAILIERKYLRIVPGDPNTYEYLP
CUL1_WHB_T0.3_s7,CUL1_WHB,1LDJ,2b,0.3,7,72,1.0348,0.6528,0.3472,pending,0.9425,0.9683,0.624,0.7102,0.7247,yes,boltz_complete,,GLREFEIKGAIVKIMREKKIIKKDELIALVKEELAHKFKPEEQDILRAIKVLEDRGYIRVVEGDPNTYEYLP
CUL1_WHB_T0.3_s8,CUL1_WHB,1LDJ,2b,0.3,8,72,1.076,0.6667,0.3333,pending,0.9443,0.9531,0.5014,0.6734,0.6897,yes,boltz_complete,,GLKLFLIMGTIVKIMRKKKKINYNELIKLVKEELEGIFKPAESEIKRAIAVLEERGYIRVVPGDPNTYEYIE
CUL1_WHB_T0.3_s9,CUL1_WHB,1LDJ,2b,0.3,9,72,1.1053,0.6528,0.3472,pending,0.9459,0.9502,0.6304,0.7363,0.7235,yes,boltz_complete,,GLRLFLIRSTIIKIMKKEKILERGELKKLVKEELKDKFEPEDAEIDRAIAVLIDRKYLEIVEGDPNKLRYLP
CUL1_WHB_T0.3_s10,CUL1_WHB,1LDJ,2b,0.3,10,72,1.0842,0.6667,0.3333,pending,0.9432,0.968,0.6958,0.7817,0.7241,yes,boltz_complete,,GMKMFLIKGAICKIMKKKKIIKLEELKELVKKELSHLFVPKDSNIERAIAVLIDEKRLRIVEGDPNTLEYIP
CUL1_WHB_T0.3_s11,CUL1_WHB,1LDJ,2b,0.3,11,72,1.078,0.5833,0.4167,pending,0.9436,0.9688,0.7273,0.8182,0.7042,yes,boltz_complete,,GMKRFLIRGSIVKIMRKEKILKREELKKLVKEQLKHIFTPADDLIDEEIAVLIERGYLEVVEGDPDTYRYLP
CUL1_WHB_T0.3_s12,CUL1_WHB,1LDJ,2b,0.3,12,72,1.0795,0.6667,0.3333,pending,0.9388,0.9562,0.6235,0.7453,0.7324,yes,boltz_complete,,GLKLFEIRSAIVKIMREKKEIDYDSLVALVKERLASKFVPDDDLIRRAIAVLEARGYLKRVPGDPNKYLYLP
CUL1_WHB_T0.3_s13,CUL1_WHB,1LDJ,2b,0.3,13,72,1.073,0.6111,0.3889,pending,0.945,0.9681,0.5083,0.6561,0.7438,yes,boltz_complete,,GLKTFLIKGTIVKIMKEKKVISREELIELVKKELADRFIPADDLIDRCIAVLLERGYIEIVEGDPNTYRYLP
CUL1_WHB_T0.3_s14,CUL1_WHB,1LDJ,2b,0.3,14,72,1.1081,0.6111,0.3889,pending,0.9444,0.9598,0.6826,0.7919,0.7531,yes,boltz_complete,,SGRLFDIKGAIVKIMKEKKVMDLEELKKEVKKELESKFIPEDSMIERAINILIEEGRLRIVPGNPNKYEYIP
CUL1_WHB_T0.3_s15,CUL1_WHB,1LDJ,2b,0.3,15,72,1.1229,0.6806,0.3194,pending,0.9416,0.9581,0.629,0.7538,0.6945,yes,boltz_complete,,DEQLFRIAGTIVRIMREKKRIQREELIRQVKEALKGEFEPDDDLILRAIGLLEERGYIRVVPGDPNTYEYLP
CUL1_WHB_T0.3_s16,CUL1_WHB,1LDJ,2b,0.3,16,72,1.0389,0.6528,0.3472,pending,0.9353,0.9416,0.621,0.727,0.7053,yes,boltz_complete,,GQTLFEIMGAIVKIMREKKRLKRKELIELVKERLKHKFTPEDSLIERAIAILEDRGYLRVVAGDPNEYEYLP
