seq_id,scaffold,sequence,best_pident,novel,avg_iptm,avg_iplddt,seq_len,helix,sheet,coil,struct_len
GLMN_T0.1_s4,GLMN,LEELRALLEKIPDGSLPASLLELPIYREIPLELVDIITKSPDLEVRRAALELLDLYISRLDPEGQYLLFKYLLENSNDSGVKAHIINQIRKRVAEALSQPGEITEFLGEKFVELMKLVFSLPEGENTNLHQNREHILAALNLLLYLVLSDSPEENKTGFWSILDDILKNFLEPLKKAIAKAKAEINARIAALKARIAGKKTSKTAAPGPVIPNVTPEEQLKILEDGLTDLDLIEFVLNQVLEEIKKR,40.0,True,0.8859290599822998,0.7388937830924988,247,0.7246963562753036,0.008097165991902834,0.26720647773279355,247
GLMN_T0.3_s7,GLMN,LEALRAALEAIPAGSLPASLLELPVYRELPLALVKIITESPDLAERKAAVDLLLLYFDRLDPEGQYLLFTHLLRHSNNSGVRALIIDRIRDRIAEALRGPGTVTEFLGENLQKLLELVLSLPNGEDTNLLEYEEHILAALNLLKYLVVSDSPEENKTGFWDRLSEILENFLIPLKKAIAKSRAQLKERIARLKQQAESRALSDTPAPGPVIPDLSIADQLAVLEDGLIKLERIEFVLNEVLELIESR,38.9,True,0.8767866373062134,0.7772072434425354,247,0.7489878542510121,0.008097165991902834,0.242914979757085,247
GLMN_T0.1_s13,GLMN,LEELRKKLEELPDGSIPASLLELPEYRELPLELVDIITKSPDLEERKAALELLDLYFKRLDPEGQYLLCKYLLKNANDSGVKAHIINRIRDLVAEALKGDGTITEFLGEKLVELLKLVFKLPKGKDTNLLKWREHILAALNLLRYLVIADSKEKDLTGFWSILEEILKNFLEPLKEAIKKSTAELNARIATLEAQIAGAALSPTRAPGSVIPNLTPEDQLKVLRDGLNDLDLIQFVLDEVLELIKKR,39.6,True,0.8784431695938111,0.7525698423385621,247,0.728744939271255,0.008097165991902834,0.2631578947368421,247
GLMN_T0.2_s5,GLMN,LEEIEAALLAIPAGSIPASLLDLPEYRDLPLELCKIITENPDLEERKRALRLLDLYFDRLDPEGQYLLAKYLLENSNDSGIKAHIVNRIRDRISEALKQDGSITEFLGDNFVELLKLVFKLPKGSDTNLIKNREFILAALNLLIYLVISDSKEKNLTGFWSILKKIIDEFLKPLKEGIKKSRAELEKRIEILERQKANRSLSKEFEPGSRIPDVSLDDDLKILKQGLNDLDLIEFVLNEVLELIEKK,38.5,True,0.8793705224990844,0.7436022996902466,247,0.7651821862348178,0.008097165991902834,0.22672064777327935,247
GLMN_T0.1_s11,GLMN,LEELRAELEAIPDGSLPASLLEEPRYRELPLELVEIITKSPDLEERRAALELLDLYFRRLDPEGQYLLAKYLLKNANDSGVKAHVIRRIRELVAEALKGPGTIKEFLGENLVELLKLVFKLPKGENTNLDKWREWILAALNLLKFLVISDSKEKDKTGFWSILEDILKNFLEPLKKALEKAREEVEKRIEILQEQIANKKISKKAKPGSRIPNLSPEDQLKVLKDSLNDLDLIEFVLDEVLELIKKR,38.0,True,0.8868655085563659,0.7047497153282165,247,0.728744939271255,0.008097165991902834,0.2631578947368421,247
GLMN_T0.3_s8,GLMN,LQEIRDALAALPDGSIPSSLLDIPFWRELPLNLCDIITQSPDLELRQAALELLDLYFSRLDPEGRYKLIKYLLKTSNNSGIKAHVIRKITEEVKRALSGPGDISEFLGEKLKELLKLVFKLEKGENTNLLANREYILAALNLLLYLVLSDSPEENKTGFWDILEEIKKNFLEPLKKALKKAREELTTRIETLQQQIANQKISPERTPGSTIPNLTPEDQLKVLEAGLNDLDLIEFVLKQVEEAIEER,37.6,True,0.8780853509902954,0.7404421329498291,247,0.7368421052631579,0.024291497975708502,0.2388663967611336,247
GLMN_T0.1_s3,GLMN,LEELREELEKEPDGSIPASKLEEPEYREIPLRLVDIITKSPDLEERKAALELLDLYFKKLDPEGQYLLMKYLLENSNDSGVKAHIIRRIRERVAEALAGDGTVTEFLGEKLVELLKLVFSLPKGADTNLDANREHILAALNLLIYLVTADSPEENKTGFWSILKEIEENFLKPLRKALAKARATVEARIATLRAQIANAALSPEAAPGPVIPGLTPADQLAVLEDALNDLDLLEFVLNRVLELIEKR,41.6,True,0.8730069518089294,0.7577130556106567,247,0.7368421052631579,0.008097165991902834,0.2550607287449393,247
GLMN_T0.2_s14,GLMN,LEELRKELLKIPDGSIPASLLDEPEYREIPLELVEIITKSPDLEKRKEALELLDLYISRLDAEGRYKLFKYLLENANDSGVKAHIINRIRDEVSEALKGKDDIKEFLGENLVELLKLVFKLPEGADTNLSLWREHILAALNLLLYLVISDSKEENKTGFWSILDEIKENFLKPLKEALKKARAEVEKRIAILKAQIANRATSATRAPGATIPNLTPEDQLKVLEDALNDLDLIEFVLEQVEEEIEKR,42.9,True,0.8790244698524475,0.7159265637397766,247,0.728744939271255,0.008097165991902834,0.2631578947368421,247
GLMN_T0.3_s12,GLMN,LEALRALLAAVPDGSLPATLLDLPIWRELPLALVKIITESKDLELRRAALELLDLYFSRLDPEGRYLLLKHLLETANDSGVKAHVIRRIRDLVAEALSKDDTDTYFVGEKLQELLELVFKLPKGEDTNLHKWREWILAALNLLLFLIISDSEEKNITGFWTNLKRIEENFLKPLKKAIEKATKEINDRINILQLRIELQSLSRTDPPGSVIPNVSPEDQLKILQDGLNDLELIQFVLDQVLEEIKKK,38.2,True,0.8816484451293946,0.7056323885917664,247,0.7449392712550608,0.008097165991902834,0.24696356275303644,247
GLMN_T0.1_s16,GLMN,LEELRAALDAIPAGSLPASLLDLPLYRELPLELVKIITESPDLAERRAALELLDLYFDRLDYEGQYLLAKHLLKTSNDSGVEAWVINRIRDLVKEALSQDGSITEFLGEKLQELLKLVFKLPEGENTNLDRWREHILAALNLLIFLVISDSEEENKTGFWTILEEILKNFLEPLKKAIKKARAEVEKRIAITEERKANLALSKEFKPGPLIPNMSLDDQLAVLRQALTDLDLIEFVLDEVLELIEKR,40.8,True,0.8707590341567993,0.7306420207023621,247,0.7368421052631579,0.008097165991902834,0.2550607287449393,247
GLMN_T0.1_s10,GLMN,LEELREELLKLPKGSIPASLLEKPEYREIPLELVDIITNSPDLELRKAALELLELYFDRLDPEGQYLLLKYLLKNANDSGVRAFCVRRLRDLVAEALAGPGDIKEFLGENFVELLKLVFKLPKGADTNLIQWAEYIRASLNLLRFLVIADSPEENKTGFWDILDEILKNFLEPLKKALAKARAEVEARIAALERDIANRALSAEREPGPEIPNLTPEDQLKVLRDALTTLDLLEFVLERVLELIKKR,41.6,True,0.8770627975463867,0.7193812370300293,247,0.7327935222672065,0.008097165991902834,0.2591093117408907,247
GLMN_T0.1_s15,GLMN,LEKLRELLEKIPKGSIPASLLDIPIYRELPLKLVEIITKSPDLEERKAALELLDLYFDRLDSEGRYILAKYLLKNANDSGVEAHIIRRIRDEVAKALAKDGSDTYFLGENFVELLELVFKLPKGEDTNLDKWREHILAALNLLLFLVISDSKEKNKTGFWTILDKILENFLEPLKKAIEKARKEVNERIAILEKRIANAALSSEAEPGPVIPNLTPEDQLKVLKDSLNDLDLIEFVLNEVLEEIEKQ,38.8,True,0.8806976675987244,0.7051755785942078,247,0.728744939271255,0.008097165991902834,0.2631578947368421,247
GLMN_T0.1_s2,GLMN,LEKLRELLLKFPKGSIPASLLELPIYREIPLKLVDIITKDPDLEKRKAALELLDLYYDRLDPEGRYKLAKYLLENSNDSGVKAHIIRRIRDDIREALAGDGTVTEFLGENLVELLKLVFSLPKGADTNLDANREYILAALNLLRYLVIADSPEENKTGFWDILDEILKNFLEPLKEAIKKARAEVEARIAALRAQIAGKALSKEAAPGPRIPNLTPEDQLKVLEDSLTDLDLIEFVLEEVLELIEKR,42.0,True,0.8766510725021363,0.7142263293266297,247,0.7246963562753036,0.008097165991902834,0.26720647773279355,247
GLMN_T0.3_s15,GLMN,LEELERLLKAFPPRSIPASLLDLPLFREFPLSLVDIITKNPDLELRKAALHLLDLYFDRLDPAGQYKLAKYLLENSNDSGVDAHIIRRIRRLVAEALDQPDEIKEFLGDKLVELLELVFKLPNGEDTNLIKNSEKILAALNLLKYLIIRDSKEENKTGFWDILDKIKKNFLTPLRKGLEKAKAQVQARIAQTQARKAGLAASSTFAPGPLIPNMSLDQQLQVLQDALNTLDRIQFVLDNVEELIKER,41.6,True,0.8672325611114502,0.729954195022583,247,0.7651821862348178,0.008097165991902834,0.22672064777327935,247
GLMN_T0.2_s15,GLMN,LEELEKKLLEIEDGSIPASLLDLPEYKNIPLELVDIITNSPDLEERKRALKLLDLYFKKLDSEGRYILAKYLLKNSNNSGVEAHIINRIRDEIKEALAGPGDDTEFLGEKFQELMKLVFKLPKGADTNLDANREHILAALNLLRYLVIADSPEKNKTGFWTILDDILKNFLEPLKKGLAKARAEVNDRIARLKEDMANRKRSKKRKPGPRIPNVSLEDQLKILEDALNDLDLIQFVLDSVLELIAKR,42.6,True,0.8764910697937012,0.6915310859680176,247,0.7408906882591093,0.008097165991902834,0.25101214574898784,247
GLMN_T0.2_s7,GLMN,LEELKKLLLKIPDGSLPASLLDLPFYRELPLELCEIITKSPDLEKRKEALELLDLYFKKLDSEGRYKLFKYLLKTSNHSGIRAHVIRRIRDEVAKALAKPGTDTYFLGEKLVELLKLIFSLPNGADTNLDLWREHILAALNLLLYLVTKDSPEENKTGFWDILEEIKKNFLEPLKEALAKSRAEVEARIAQLNLRIALKSLSPIRPPGSVIPNVTPEEQLKILQQSLTDLDLIEFVLNEVLEAIEKK,42.5,True,0.8658280730247497,0.7146888732910156,247,0.728744939271255,0.016194331983805668,0.2550607287449393,247
GLMN_T0.3_s6,GLMN,LDEIEELLKKIPDGSLPASLLDIPIYRELPLELVEIITNNPDLELRKRALELLELYYDRLDPEGRYLLIKYLLLNANHSGIRAHLIRRIRREISRALLEEGRITEFLGEKLVDLLELVFSLPKGADTNLDLWREHILAALNLLKYLIIRDSKETNLTGFWDILPKIEENFLKPLEEGLKKARAEVEERIKITKEQQENLKLSSTPKPGPLIPNMNLEDQISVLQNALTDLELLEFVLNEVKELIKKR,41.6,True,0.8613474130630493,0.7480111360549927,247,0.7489878542510121,0.008097165991902834,0.242914979757085,247
GLMN_T0.3_s4,GLMN,LEELEKKLLKIPDKSIPASLLDLPEERNIPLNLVKIITESPDIEERQQALKLLDLYFDKLDFEGQYKLASYLLKNSNDSGIKAHVINRIRELVHEALKGDNDVTEFLGDNFVKLMELIFKLPKGENTNLDKWREYILAALNLLLYLIIRDSEENNKTGFWDRLEEIIKNFLEPLKKAIKKAKEEVEKRIAILKEQIEEKKLSKKRKPGKRIPDLSPEDQLRVLEDSLTDLELIEFVLEQVLEEIKKR,35.9,True,0.8780821204185486,0.6900515556335449,247,0.7368421052631579,0.008097165991902834,0.2550607287449393,247
GLMN_T0.1_s9,GLMN,LDALRAALEAVPDGSLPASLLDLPAWRELPLALVEIITRSPDLALRRAAVELLELYYRRLDPEGQYKLFRYLLEHSNDSGVRALIIRRIREEIKKALAQDGSITEFLGEKFQELLKLVFKLPKGADTNLDANREHILAALNLLKYLIISDSKEKNKTGFWDILEEIKKNFLEPLKTALAKSRAEVEARIAALRARLAGRALSPEDAPGPRIPGMTPEEQLAVLEDSLNDLDLIEFVLDEVLELIEKQ,40.8,True,0.8754171848297119,0.7243455529212952,247,0.7327935222672065,0.008097165991902834,0.2591093117408907,247
GLMN_T0.3_s13,GLMN,LQKLRELLEKYPDGSIPAELLELPIYKEIPLRLVDIIVNNPDLEKRQLALELLDLYFEKLDPEGRYLLIEYLLRHSNNSGVKAHLIRRITKEVARALAGDGSDTYFLGDKLVALLKLVFSLPKGADTNLIANREAILAALNLLQFLITRDSPEENRTGFWDILDEIIENFLKPLQKAIEKAREEVQKRIEILQKQKENQNLSKQRKPGSEIPGMNMEDQLKVLKDALNDLDLIQFVLDSVLALIEKR,37.6,True,0.8577806711196899,0.7580872654914856,247,0.7246963562753036,0.008097165991902834,0.26720647773279355,247
GLMN_T0.1_s5,GLMN,LEEIREKLLKIPDGSLPASLLDKPEYIELPLKLVDIITKDPDLEKRKAALELLDLYFKKLDYEGQYKLCKYLLKNANDSGVKAWIINRITELVKEALAGPGEDKYFLGENFVELLKLVFKLPEGENTNLDANREYILAALNLLLFLVISDSEEENKTGFWSILPEIKANFLEPLKTAIKKATAEVNERIAITKARKAGRAISKEDPPGSLIPNLSLDDQLKVLEQSLTDLDLIEFVLNEVEEAIAKR,38.9,True,0.864568829536438,0.7261352300643921,247,0.7165991902834008,0.008097165991902834,0.27530364372469635,247
GLMN_T0.1_s7,GLMN,LEELRAELAAIAPGSLPASLLEEPRYRELPLELVKIITESPDLEERRAALELLDLYFDRLDPEGQYLLAKYLLKNSNNSGIEAHVINRIRERVAAALAGPGTDTYFLGEKFQELMKLVFKLPKGADTNLDANREHILAALNLLLFLVISDSPEANKTGFWDILKEIEENFLKPLKEALKKARAEVEARIAELEARIAGRALSSTAAPGPVIPDLTPEDQLKVLRDSLNDLDLIEFVLNEVLEEIKKR,40.0,True,0.8697468280792237,0.7138184189796448,247,0.7165991902834008,0.008097165991902834,0.27530364372469635,247
GLMN_T0.2_s8,GLMN,LEELREELLKIPKGSLPASLLDLPEYIELPLELVKIITESPDLELRRAALELLDLYFDRLDPEGQYKLIKHLLATSNHSGVRAHIIRRIRELIKEALKGPGDIKEFLGENLVELLKLVFKLPKGSETNLDEWREWVLAALNLLKYLVISDSKEKNKTGFWDILDEIKKNFLEPLKKALAKAKAEVETRIAQLQADIANQALSPTAAPGARIPNLTPADQLKVLQASLTDLDLIEFVLDEVLELIEKQ,43.3,True,0.8639581203460693,0.7275835037231445,247,0.7368421052631579,0.008097165991902834,0.2550607287449393,247
GLMN_T0.3_s5,GLMN,LEELAKALAAIPRGSLPASLLELPLYRQLPLELVRIITQNPDLELRRAALELLELYFDRLDPEGRLLLIKHLLKTSNHSGVEAFLIRRITADVREALAGPGDVTEFLGEKLQELLKLVFKLPEGENTNLIRWREHIMAALNMLLYLVIADSPEEDKTGFWKIKEEVEKNFLIPLQKAIEKARAEVTARIAATEARKAGKALSATDAPGPLIPNMTLDEQLKVLNDALNDLDLIEFVLNEVLEEIKKR,40.0,True,0.8720911741256714,0.7127367854118347,247,0.7327935222672065,0.008097165991902834,0.2591093117408907,247
GLMN_T0.1_s1,GLMN,LEELRELLEKIPDGSLPASLLDLPIYRELPMKLVDIITKSPDLEERKAALELLDLYYRRLDPEGRYKLIKYLLENSNDSGVRAHLIRRIRDEVARALSRDGSETEFLGENLQELLKLVFKLPKGENTNLDKWREYILAALNLLLYLVISDSKEENKTGFWDILDEILKNFLEPLKKAIAKSRAEVEARIAQLEEQIANKEISKEAKPGPVIPNLTPEDQLKVLRDALNDLDLIEFVLNQVLEEIKKQ,40.8,True,0.8712079763412476,0.6980998635292053,247,0.728744939271255,0.024291497975708502,0.24696356275303644,247
GLMN_T0.2_s10,GLMN,LEELRAVLKKIADGSLPASLLDLPIYREIPLELVDIIVNDPDLEKRKEALELLDLYFRKLDPEGQYLLAKYLLKHSNDSGVRAHIVRRITDAVKEALAGPGTNTYFLGEKLQELLKLIFSLPEGENTNLDAWREYILAALNLLIYLTISDSPEENKTGFWDILDEILENFLEPLKKAIEKARKEVEERIKTLEEQKANLAKSKTASPGPTIPGMTLEDQLKVLKQALNDLDLIQFVLDQVLELIKKR,39.4,True,0.8695606231689453,0.7127458691596985,247,0.7408906882591093,0.008097165991902834,0.25101214574898784,247
GLMN_T0.2_s3,GLMN,LEEIEKFLKLIPDNSLPASLLELPLFRELPLNLVKIITESPNLEERKRALELLDLYFRKLDPEGRYLLAKYLLENSNDSGVKAHIIRRIRDEVARALAQDGDITEFRGENFQELMKLVFKLPKGANTNLLANREAILAALNLLKFLVLADSPERNVTGFWTILEEIKKNFLEPLKEAIKKSRAELEARIAALEEQIANAAISAEAAPGPVIPNMTPEQQLEVLRQGLTDLALIEFVLNEVLELIKER,42.0,True,0.869397783279419,0.7073857069015503,247,0.7125506072874493,0.032388663967611336,0.2550607287449393,247
GLMN_T0.2_s12,GLMN,LEALRALLEAIPRGSLPAELLELPIWRELPMKLVDIITNSPDLDERRAALELLELYFDRLDPEGRYLLAKYILKNANNSGIKAFVVNRIRDEVYRALKQDGSITEFVGENFVELMKLVFKLPNGENTNLDANAEYILAALNLLLFLVLSDSPEKNITGFWTILDEIKKNFLEPLKKAIEKATKELNDRIATLTAQKENRAISATEAPGKRIPNVSLDDQLRILNDSLNKLDLIRHVLDEVLEAIEKK,34.0,True,0.8543905973434448,0.7376794695854187,247,0.7044534412955465,0.016194331983805668,0.2793522267206478,247
GLMN_T0.1_s14,GLMN,LEALRALLEAFPDGSIPASLLDLPVFIELPLELVDIITKNPDLALRRAALELLDLYFRRLDPEGRYKLAKHLLKTSNDSGVKAHIINLIRDDVREALKQDGSDTYFVGENLVELLKLVFKLPKGEDTNLDKWREYILAALNLLIYLVTSDSKEKNITGFWDILEEIKKNFLEPLKKAIEKATAEVNERIATLKKQIELKEISKEEPPGPRIPNLTPEEQLKVLEDSLTDLDLISFVLDEVEELIKKQ,39.2,True,0.862514078617096,0.7081094622612,247,0.7489878542510121,0.008097165991902834,0.242914979757085,247
GLMN_T0.3_s11,GLMN,LETLKALLDKIPDGSLPASLLDLPIFRDIPLQLVDIIVNNPDLEERKAALELLDKYIAKLDPEGQYLLFKHLLQTANDSGVRAHVVRRIQENVAKALKQPGNISEFVGENLQKLLKLVFTLPNGPNTNLIANAEWVLASLNLLQFLVTSDSKSKNITGFWDILDEIVENFLKPLREALAKARAEVQAAIAALQARIAGRAASAADAPGPKIPGMTAEEQLAVLQDALTTLDLIEFVLNRVEELIKKQ,40.4,True,0.8439582347869873,0.7525153040885926,247,0.728744939271255,0.008097165991902834,0.2631578947368421,247
GLMN_T0.1_s6,GLMN,LEELREELLKIEDGSIPASKLEEPEYINIPLELVKIITESPDLEERKAALELLDLYIKRLDYEGQYKLFKHLLENSNHSGVEAHIIREITKLVKEALKKDGTITEFLGENLVELLKLVFKLPKGEDTNLDQWREHILAALNLLKFLVISDSPEENKTGFWDILDEIKKNFLEPLKKGLKKAREEVEKRIEQLKKRLENRKLSKEDEPGSRIPNVTPEDQLKILEDSLNDLDLLEFVLNEVLELIEKR,42.0,True,0.863908314704895,0.7249617338180542,247,0.7692307692307693,0.008097165991902834,0.22267206477732793,247
GLMN_T0.3_s3,GLMN,LADLAAALAAVPDGSLPASLLEVPVARELPLRLVDIITRSPDLDERRAALALLRAYLARLDPKGRLLLYEHLLSTSNDSGVKAFIINEVREDVLEALNKEDDITEFLGENFQKLMKLIFSLPNGSDTNLDEWREYILAALNLLIYLVISDSKEDNKTGFWNNLDEILKNFLEPLKQGIKKAREEVEKRIKILEEQKSNRSTSSTAKPGKRIPNVSIDDQLKILKDSLNDLDLIEYVLDRVLELIKKR,38.3,True,0.8636132597923278,0.7308634042739868,247,0.728744939271255,0.008097165991902834,0.2631578947368421,247
GLMN_T0.2_s6,GLMN,LEEIRKKLLEIPDGSLPASLLDEPEYIELPLNLVKIITESPDLEERKAALEVLDLYFKRLDPEGRYKLIKYLLKNSNDSGVEAWLINRIREEVSEALASSGSITEFVGSKLQELLKLVFKLPDGENTNLDRWREHILAALNLLIFLVTADSPSNNITGFWDILDTILKNFLEPLKKGLKKARKEVEDRIARLRERIANRALSSVDPPGPVIPDMTPEDQLKVLEDSLNDLELIQFVLDRVLELIAKR,40.2,True,0.8753998041152954,0.6868500113487244,247,0.7449392712550608,0.008097165991902834,0.24696356275303644,247
GLMN_T0.2_s4,GLMN,LEELKEELLKEEDGSIPASKLDEPEYIELPLKLCDIITKNPDLELRKKALELLKLYFRKLDPEGRYKLMKHLLKNSNDSGIRAFIINLIRDEVKKALSSDGSITEFLGDKFVELLELVFKLPEGENTNLDANREYILAALNLLIYLVISDSEEKNLTGFWDILDKIKKNFLEPLKKAIEKAKAEVQKRIAETRAQYLGRLISKVRKPGSLIPDLSLEDQLKVLEQSLNDLELIEHVLNEVEELIKKR,40.0,True,0.8587492227554321,0.6888782501220703,247,0.7408906882591093,0.008097165991902834,0.25101214574898784,247
GLMN_T0.3_s10,GLMN,LEALRALLEAIPPGSIPASLLDLPLFRELPLRLVDIITKSPDLAERKAALELLELYVERLDPEGRLRLFKELLLTSNHSGVKAWVIQQIRKEVQRALKQSASIKEFLGERFQELLKLVFSLPEGENTNLNRWSEWIRAALNLLLYLVTSDSKEENKTGFWDVLEDIKKNFLVPLKKAIAKSRATVEERLAITRERAAGAARSREAKPGPLIPDMSLENQIAVLEASLTELDLIEHVLELVEEAIEKQ,40.0,True,0.8520536899566651,0.7163902640342712,247,0.7206477732793523,0.008097165991902834,0.27125506072874495,247
GLMN_T0.2_s9,GLMN,LEALRELLEKLPPGSIPASLLELPEWRELPLELVKIITESPDLELRRAALELLDLYLSRLDPEGQLLLLKHLLQTSNDSGVRAHLIRECTKLIKEALSQPGTITEFVGENLVELLKLIFTLPEGENTNLNLWREHILAALNLLIYLVTSDSKEKDITGFWSILPEIIENFLRPLEKALAKARAEVQARLATLQSRIAGRAASPTDAPGSTIPNVTPEQQLEILQQALNDLDLIQFVLDEVLELIEKK,37.7,True,0.8643759608268737,0.6936997771263123,247,0.708502024291498,0.008097165991902834,0.2834008097165992,247
GLMN_T0.2_s1,GLMN,LEELREELLKQEPRSIPASLLEKPEYRELPLELVDIIVNSPDLEERKAALELLDLYLDRLDPEGQYLLLKYLLENSNHSGVRAFVVRRITELVSEALAGPGTDTYFLGDNFVELLKLVFKLPKGSDTNLDANREYILAALNLLLYLIISDDEESNKTGFWDILDEILKNFLEPLKEAIAKARAEVESRIATLQAQIASKSLSSAAAPGSRIPNLSPEDQLKVLQDSLNDLDLIEFVLDQVLEAIKER,40.4,True,0.8590238213539123,0.7241069555282593,247,0.7327935222672065,0.008097165991902834,0.2591093117408907,247
GLMN_T0.2_s16,GLMN,LDELRELLLKIPPRSLPASLLDLPVFRQIPLALVDIITKSPDLEERRAALELLDLYFSRLDPEGQLKLSRYLLENSNDSGVQAHIINQIRDLIAEALAQDGTIQEFLGEKLVELLKLVFKLPEGANTNLIANREHILAALNLLRYLVTADSPEDNKTGFWTILDEIKKNFLEPLKAGIAKARATINARIAQLKADIAGKSLSSTAAPGPEIPNVTPEDQLKILQDALNDLDLIAFVLDDVLELIAKR,43.0,True,0.8579501152038574,0.676148521900177,247,0.7206477732793523,0.008097165991902834,0.27125506072874495,247
GLMN_T0.2_s13,GLMN,LEELRAELEAIADGSLPAELLLLPEYRELPLRLVDIITKNPDLETRRAALALLDLYFRKLDPEGQYLLMKYLLENANDSGVRAHIINRIREQVAAALAGPGLDKYFLGENLQELLKLVFKLPEGENTNLDKWREYILAALNLLRYLILADSPEENRTGFWTNLDEILENFLKPLEAALKKARAEVEKRIAELEAQRAARALSATAAPGPRIPGMSLEDQLRVLRDSLTDLDLLEFVLNEVLELIEKR,40.8,True,0.8598105311393738,0.6947942733764648,247,0.7408906882591093,0.008097165991902834,0.25101214574898784,247
GLMN_T0.3_s9,GLMN,LEKLREFLLKLPDNSLPASLLELPIFRELPLRLVDIITKSPDLEVRKAALELLDLYIRRLDPEGKYLLYKYLLETSNDSGVKAHIIRRITKEVERALKQDGSITEFLGEKLVDLLKLVFYLPKGADTNLDRWREAILAALNLLLYLVIADSPEENKTGFWNILDEILKNFLEPLKKAIEKARAEVESRISALKARRLNKLVSPEDPPGSVIPGLTMEDQLAVLQQSLNDLDLIEFVLDEVLEEIEKR,41.6,True,0.8622254252433776,0.718971061706543,247,0.728744939271255,0.008097165991902834,0.2631578947368421,247
GLMN_T0.3_s2,GLMN,LEELRKILEAIPDGSLPASLLELPIFRSLPLSLVEIITKNPDLEKRKAALKLLDLYYDRLDPEGRYRLYKYLLSTANDSGVKAHIIQRIRDDIKEALAGDGTVTEFLGENLVDLLKLVFTLPDGENTNLQRNREYILAALNLLIYLTISDSPEANKTGFWSILDEIKKNFLEPLKKGIELSRKKIEERIARLELQLALQKVSKTAPPGPRIPNLTPEDQLKVLKDALNDLDLIAFVLDTVLELISKR,40.9,True,0.8557449460029602,0.7092459201812744,247,0.728744939271255,0.016194331983805668,0.2550607287449393,247
GLMN_T0.1_s12,GLMN,LEELRALLEAIPDGSLPASLLDLPFYRELPLRLVDIIVNSPDLEERRAALELLDLYFRKLDPEGQYLLAKHLLEHSNHSGVRAHVIRRIRDRIAEALAGDGTVTEFLGAKLVDLLDLVFKLPEGANTNLDANREAILAALNLLIYLVIADSPEENKTGFWSILDKVIENFLKPLQEALAKARAEVEARIATLRAQKAGRALSPEAAPGPVIPDMSLDDQLKVLEDSLNDLDLLEFVLNQVLELIKKR,40.8,True,0.8647316694259644,0.6835455894470215,247,0.7408906882591093,0.008097165991902834,0.25101214574898784,247
GLMN_T0.3_s1,GLMN,LDELRALLEKIPEGSLPASLLELEDMVKLPLELVDIIVKNPNLEERKAALELLDLYLKRLDPEGRYLLFKHLLANSNDSGVEAHIIRRIRDEVREALKGPGNVTEFLGAKLQELLELVFKLPEGANTNLDAWADRILAALNLLLFLVIRDSPEKNLTGFWTILPRVMENFLNPLKEALAKATAEVNARIATLQAQAAAAALSPTAAPGSTIPGVTAADQIKILQESLNTLDLLQFVLDQVLEEIEKR,40.3,True,0.8511122107505799,0.7247998595237732,247,0.7449392712550608,0.008097165991902834,0.24696356275303644,247
GLMN_T0.3_s14,GLMN,LEEIEKALNKLPDGSIPASLLELPEYRELPLNLCTIITKSPDLEERKRALKLLDLYFKKLDPEGQYLLITYLLKHSNHSGIRAHLIRRITKLVYEALAGPGDVQEFLGEKFVALLKLVLKLPKGADTNLDLWREHILAALNLLLFLITRDSPERNVTGLWDILETIEKEFLLPLKEALTKARAEVTARIAKLEERIAARATSSKDKPGAVIPNLTPEDQLRVLQDALIDLDLIEFILEQVLEAIQKR,38.4,True,0.8544739007949829,0.6844141364097596,247,0.7449392712550608,0.008097165991902834,0.24696356275303644,247
GLMN_T0.1_s8,GLMN,LEELREKLLKLPPGSIPASLLDLPEYREIPLRLVEIITKSPDLEERRAALELLDLYFDRLDPEGQYKLIKYLLENANDSGVRAHVIRRIRDLVAEALAKDGSEKEFLGENFVELLKLVFKLPKGADTNLDANREHILAALNLLRYLVLSDSPEKNLTGFWSILEEIEENFLKPLKEALKKSREEVEKRIAELEAQKKGRKLSKKAKPGSRIPNMTLDDQLKVLKDSLTDLDLIEFVLEEVLELIKKR,39.6,True,0.8507767796516419,0.6749947905540467,247,0.7246963562753036,0.008097165991902834,0.26720647773279355,247
GLMN_T0.2_s2,GLMN,LEALRAALLAIPEGSLPASLLEKPIYKEIPLALVDIIVNSPDLAERRAALELLDLYYSRLDPEGRYLLAKYLLKNSNDSGVEAHIINRIREEIAKALAGPGDVTEFLGKNFQELLELVFKLPNGENTNLDENREHILAALNLLLFLVTSDSPEKNKTGFWTILPKIKKEFLDPLKKALEKARAEVEARIAALREQKASLALSPERKPGPVIPDVSLDDALKILEDSLNDLDLIDFVLNQVLEAIAKR,38.1,True,0.8534648180007934,0.6648479700088501,247,0.7206477732793523,0.008097165991902834,0.27125506072874495,247
GLMN_T0.3_s16,GLMN,LEELREELEKIPDRSLPAEKLLQPEYIKIPLELVKLITYSPDIEVRKEALELLDLYYDRLDPEGRYLLMKHLLKNSDDSGIRAHVVRRIRDEIAEALKQEGKITEFVGEKLVELLKLVLKLPEGEETNLIANSEFILAALNLLIFLVTADSKEKDVTGFWSILKEILENFLEPLKKALKKSRATITARIDTLRARMAGAALSPEAAPGTVIPNLTPADQLAVLEDGLIVLDRIEFVLNKVLELIEQQ,40.0,True,0.8606737971305847,0.6118553638458252,247,0.7165991902834008,0.008097165991902834,0.27530364372469635,247
GLMN_T0.2_s11,GLMN,LEALREALAAIPDGSLPASLLDLPLYRELPLQLVDIITNSPDLAERKAALDLLGLYFRRLDPEGRYLLIKYLLENSNDSGVRAWVINEIRDLVLEALKKSGEDTYFVGEKLQELLELVLRLPNGENTNLDKWREYILASLNLLIFLVTSDSKEKNITGFWDRLEDIEKNFLEPLKKGIAKARATVEARIAQLQAQKANAALSATAAPGATIPNLTADDQLKVLQDSLNDLDLIQFVLDRVLELIKKQ,40.4,True,0.8460993885993957,0.6951534986495972,247,0.7327935222672065,0.008097165991902834,0.2591093117408907,247
CUL1_WHB_T0.2_s16,CUL1_WHB,GLKEFRIRGTIVKIMKEKKVLKYDELKKLVKERLKDEFVPEDDLIDRCIAILIERKYLAIVPGDPNTYEYLP,46.2,True,0.760988962650299,0.7306822180747986,72,0.5694444444444444,0.1388888888888889,0.2916666666666667,72
CUL1_WHB_T0.1_s8,CUL1_WHB,DLKLFRIKGAIVRIMREKKVLKLDELIALVKEELASEFIPEDEDILRAIALLEERGYLRRVPGDPNTYEYLP,46.2,True,0.7592929720878601,0.7359642267227173,72,0.5833333333333334,0.1388888888888889,0.2777777777777778,72
CUL1_WHB_T0.1_s4,CUL1_WHB,DLKLFLISGTIVKIMREKKVLKRDELIALVKEALADKFTPADEDIERAIAVLIDRGYLRVVEGDPDTYEYLP,42.4,True,0.7483691334724426,0.6904797196388245,72,0.5694444444444444,0.1388888888888889,0.2916666666666667,72
CUL1_WHB_T0.3_s11,CUL1_WHB,GMKRFLIRGSIVKIMRKEKILKREELKKLVKEQLKHIFTPADDLIDEEIAVLIERGYLEVVEGDPDTYRYLP,43.5,True,0.7273331165313721,0.7037729859352112,72,0.5833333333333334,0.1388888888888889,0.2777777777777778,72
CUL1_WHB_T0.2_s3,CUL1_WHB,GLRRFRIRGAIVKIMREKKRIKRDELVAEVKKALASEFKPADSDIDREIAVLEDRGYLRVVPGNPDEYEYLP,40.6,True,0.7009738802909851,0.7075981736183167,72,0.5416666666666666,0.16666666666666666,0.2916666666666667,72
CUL1_WHB_T0.1_s7,CUL1_WHB,GLRRFRIRGAIVKIMREKKVIKREELIELVKEELKSEFIPEESEILREIAVLEERGYIRIVEGDPNTYEYIP,37.7,True,0.7105338454246521,0.7364866852760314,72,0.5833333333333334,0.1388888888888889,0.2777777777777778,72
CUL1_WHB_T0.1_s6,CUL1_WHB,DEKLFLIRGAIVKIMRKKKVIKKEELIKLVKEELKDKFNPPDELIERAIAILIDRGYLRIVPGDPNTYEYIP,38.0,True,0.7244853138923645,0.6851851224899292,72,0.5694444444444444,0.1388888888888889,0.2916666666666667,72
RFD_160_best,RFdiffusion,LLTPEQLKSGQLMQNRLKALEEYAAELRAEAAERKAAAGPETQARYERLVALVDERLAEAKEEAKLGLA,0.0,True,0.9097074270248412,0.8472626209259033,69,0.7681159420289855,0.0,0.2318840579710145,69
RFD_38_best,RFdiffusion,YEERKKEIEERRKKILEEREKLLKKYEEEKKKREKELEEAKKKLSPEEYKKFKEEEEKKWKEEEEELEKKLRELDLELLKLDAEERRLELELAK,0.0,True,0.8698364694913229,0.8160160779953003,94,0.9574468085106383,0.0,0.0425531914893617,94
RFD_56_best,RFdiffusion,GRYAGLPEEERRALLRAELERRREEAERRAAEHRARAEELEAALAAATGISPEERAAILAEIELERARAELYEEAARRIEEQIRKLEE,0.0,True,0.87898188829422,0.8420534729957581,88,0.8409090909090909,0.0,0.1590909090909091,88
RFD_34_best,RFdiffusion,MSELLKIRRARLAEEEARIAAELAALEAAGAPPEERAAHLAALKAEREAWELELNKELAELLKELEEKKKKEEELKKK,0.0,True,0.8684269189834595,0.7589676976203918,78,0.9358974358974359,0.0,0.0641025641025641,78
RFD_97_best,RFdiffusion,LRGLLLRLQSRLDRWRTLLSRTSLSQEQKDAAMERDADEEGAGVARATGDPAAGEAVRAALRALYRALLT,0.0,True,0.8715053796768188,0.7105352282524109,70,0.8571428571428571,0.0,0.14285714285714285,70
RFD_122_best,RFdiffusion,AAAAAKAAAAAAAAAAAAAAAALAAIAAQKQAVIKAAVEEKEKLREETKKKIEELLKEGKITKEEAEKLIEEVEEKEIEINKKVVEQLKAYD,0.0,True,0.8824732104937235,0.7025536497433981,92,0.9021739130434783,0.0,0.09782608695652174,92
RFD_37_best,RFdiffusion,SSSRLRMEMISEIYELSVEYKKYKKNSEKEENKKKALEAKKKMAQLKLELAKLEGDEEAAKKYEEELKKIEEEIKKL,0.0,True,0.8589104811350504,0.7921872735023499,77,0.8961038961038961,0.0,0.1038961038961039,77
RFD_52_best,RFdiffusion,SEELEKLLKEVKEKLKKLIESQKTKEEKEKAKKKAEEVLKEIEEILEIRELTGNDELAIIRIKRLLEKYEKEYKA,0.0,True,0.8260839978853861,0.7830222050348917,75,0.88,0.0,0.12,75
RFD_114_best,RFdiffusion,VTAAEAAAAAARAAAAAAFREALAAKRAELLAEAAKSAEPELAIIETRRRLAEWGIARRRELGNAPQRSDLVAIDFVELELERRG,0.0,True,0.8636165459950765,0.724195679028829,85,0.6705882352941176,0.0,0.32941176470588235,85
RFD_167_best,RFdiffusion,PATRDYPAEAEEERKKKKEEEEKILKEIEKLEKEDPEKAKKKKEEIEKKIEEEKEKALKKKLEKLKKLLQ,0.0,True,0.8703163862228394,0.6564714312553406,70,0.8714285714285714,0.0,0.12857142857142856,70
RFD_152_best,RFdiffusion,YEEKIKLYEEQHEKFKEEVRKKVLELTEKYIEENKEKLTPEEIEKLKKEAEENIKAREEKIEKLLKLRKEVLKEEAERE,0.0,True,0.8171302278836569,0.795732299486796,79,0.9367088607594937,0.0,0.06329113924050633,79
RFD_199_best,RFdiffusion,MDAEAREKARAAQAAAAAALAAALPALLALAAAGLAPALAAALAVGGAAAAAELAARGAVYEEEMERLAKEIEEELEKAE,0.0,True,0.8734724919001261,0.6221149961153666,80,0.875,0.0,0.125,80
RFD_1_best,RFdiffusion,ASECLDKMVEIVLETREEIEKAKEEGEKEIKEVEEKYGKEAAEKKKEEVEKKIAEIEEEAEKKIAEVIEEYKKAA,0.0,True,0.8535277843475342,0.6767312089602152,75,0.96,0.0,0.04,75
RFD_195_best,RFdiffusion,MSEELEANLAGLETVHDFFDAWLAGNLAEAQALLDEIAKSGSSGVGRAAFTLLRRHRDALAAALAAAKATGTGAQAEALLARFEAVMAAHLAA,0.0,True,0.8802501559257507,0.716264804204305,93,0.8602150537634409,0.0,0.13978494623655913,93
RFD_91_best,RFdiffusion,KSFVDVTLEEVELREESEERLEELEEEAEESEDPEEAEEELEALEEEEEEELEELEERKDEIAEELLAE,0.0,True,0.8381648659706116,0.7213809092839559,69,0.927536231884058,0.0,0.07246376811594203,69
RFD_118_best,RFdiffusion,MAEEKIKKLKEEAEKKLKEAEEKRKEAEELERKAIELLKKAKESTPEKQKELLEKAKECLEEAKKKQEEAYKLLLEATKLHEEAKKLEEEYKK,0.0,True,0.8145960569381714,0.7052007714907328,93,0.946236559139785,0.0,0.053763440860215055,93
RFD_162_best,RFdiffusion,EEERERLRELAETLPEELIEAFRERLKALGYKEEEISDEQLRLALAAVVAEDPENLEEALERLFEGARAREEKLEAIAAEIEAELEALK,0.0,True,0.8461701472600301,0.6389987071355184,89,0.8426966292134831,0.0,0.15730337078651685,89
RFD_106_best,RFdiffusion,AAAAALAAAAAAAKAALARAAALHAGRAQRLANLAELEPERAAVLAALAAAHAVLAVALALAALGPAAAAAGAALLAAAAAAAAAAAAAALAA,0.0,True,0.8441787759462992,0.6543317437171936,93,0.946236559139785,0.0,0.053763440860215055,93
RFD_16_best,RFdiffusion,SEAELAAAIAELRAALEALTAAELELFALLGDEEGAARAEADAARRREELAALEAAARADPAALAALRARLEEIRRRLAATEQDLARLRARQLA,0.0,True,0.8198715845743815,0.7324145237604777,94,0.8936170212765957,0.0,0.10638297872340426,94
RFD_173_best,RFdiffusion,SKVETAELIRQSHRAFLDSLLAAADEALAAGDVELAIKYLTHALKELDYFRKVLEHLKELGYVTPEQYEAWLADIAARTAEIRARIAAL,0.0,True,0.8020056883494059,0.722199817498525,89,0.898876404494382,0.0,0.10112359550561797,89
RFD_10_best,RFdiffusion,SPAAAAAAAAAAAAAAAAAAERLAAGLDLLLHRMRVLGVSLEEMIALFRELRAALEAEAAAAKDPAEVLRLEAQIAVVGEHLDRLEAEAA,0.0,True,0.8230687975883484,0.6760781009991964,90,0.8555555555555555,0.0,0.14444444444444443,90
RFD_172_best,RFdiffusion,DEIEKLKKKIKELEEKIKELEEKIENIKYNLEVIVESNIERLREEGFPEELCEARRARAKELADELIEKYKKEKEKAEKEAKELKEKLEKLKKEK,0.0,True,0.7824955781300863,0.8306909203529358,95,0.9263157894736842,0.0,0.07368421052631578,95
RFD_131_best,RFdiffusion,PDPELAAQAAELKAKAEELKKQALEKRKKALELRVQAMRSKDKEEKEKLLAEAEKLEKEAEELEKQANAYLNKAAELEAAQ,0.0,True,0.7868478298187256,0.829781154791514,81,0.9135802469135802,0.0,0.08641975308641975,81
RFD_110_best,RFdiffusion,LLDEFLQAHAERLAELEAAEAATKAAAAALAAAGGDPAAVAALRAEAERLARLTEQERKRYDLLAKLAEEQR,0.0,True,0.7516395350297292,0.7273362676302592,72,0.9027777777777778,0.0,0.09722222222222222,72
RFD_89_best,RFdiffusion,SEELEKLAKELEERLAKNAQERAAELEEFEAIAAEVRAEEAAEVAARLAEIAALAAEDAAAAAAAARELEEALRARALARMEERRKALEALRELL,0.0,True,0.8050447702407837,0.6455866495768229,95,0.9473684210526315,0.0,0.05263157894736842,95
RFD_47_best,RFdiffusion,AALAALAAAAAAAAAAAARAAALAAEVAAIRDENLAELEEERERREEQEEEEEEEEEEEEEELEEEEEELEEEEEAEEEEEEER,0.0,True,0.7339378794034322,0.7798801263173422,84,0.9761904761904762,0.0,0.023809523809523808,84
RFD_33_best,RFdiffusion,AAAEAARALLEAARAALEAERAEVEAEAAALRAEAAALKPTTPEQAARVAALEAEVEKLESRAEALRLRIAHLDELIAA,0.0,True,0.7789461016654968,0.7209838032722473,79,0.9113924050632911,0.0,0.08860759493670886,79
RFD_185_best,RFdiffusion,SERRRELEERVRELRREIEEIRRRENGSPEAQERVARLEAELRGLEEERERAERAEAVARARALRAALAAA,0.0,True,0.7442414363225301,0.8008288741111755,71,0.9295774647887324,0.0,0.07042253521126761,71
RFD_132_best,RFdiffusion,SALAALQRRIAVRKAHAAARRAALEEQEARDRAAVEAECAAIRAADGSAAALARCAALRAAAEAAHAARRAELERELAELEAEIAAEEAKFA,0.0,True,0.7913462519645691,0.7435885071754456,92,0.9347826086956522,0.0,0.06521739130434782,92
RFD_26_best,RFdiffusion,DAALAAARLALRLAELARRLAALAARAATAAAMAAAGPAEAAALAAAAAAAEAARRALAAAEAAARQAELNALME,0.0,True,0.743502696355184,0.7585424383481344,75,0.9066666666666666,0.0,0.09333333333333334,75
RFD_20_best,RFdiffusion,ALAEAAAAAAAAAAAAAAAAEALAAQRLARKREQAAELKARAAELAAAGDEEAAAKYEAAAKALEAEVAEEEARRAA,0.0,True,0.7935941020647684,0.713135818640391,77,0.935064935064935,0.0,0.06493506493506493,77
RFD_45_best,RFdiffusion,AALAAALAALLEACRAEAEAYRERLLAVLSARTSPEDAERAERYAEAEAERLFRQLTAQRLEELAAAA,0.0,True,0.7655222415924072,0.7775288025538126,68,0.8970588235294118,0.0,0.10294117647058823,68
RFD_7_best,RFdiffusion,SAAREAERAARLEALIAEKAAEIAAADPENAAALTAEVAAAARATLAAEEEREATGVEEERARLEAAERAAEEERRLREL,0.0,True,0.7803077697753906,0.6762068470319113,80,0.9625,0.0,0.0375,80
RFD_58_best,RFdiffusion,GNEELKELEETIEEIKELFELALEREKARLKEIAEAAAAADPENAAEVRAKYEANLKAREERREKHMEELFEEMEEILEEKREK,0.0,True,0.7579442461331686,0.753741999467214,84,0.9642857142857143,0.0,0.03571428571428571,84
RFD_163_best,RFdiffusion,MEEEEEEEEEEEEEEEEEEEEEEEEEELEEELEELHEEILEESLETLSRLLALLLLLLLALLLALLLLLL,,,0.7332520683606466,0.8130043943723043,70,0.9714285714285714,0.0,0.02857142857142857,70
RFD_120_best,RFdiffusion,SLAALLAAAAAAAALAAAAAKVAALRAEIEAARAAAAAICAALVAAGVAPAHECRKAAREYLTTVVVAGARAALA,0.0,True,0.7735660274823507,0.6906212170918783,75,0.88,0.0,0.12,75
RFD_5_best,RFdiffusion,ELPIEEEFDERVEEFLEEREEEEEEEEALARELAAAAAALAAAAEALAALAASPELAAAARALAAALAAAAAAAAAAAAAALAALLAALAA,0.0,True,0.769777516523997,0.6335596044858297,91,0.945054945054945,0.0,0.054945054945054944,91
RFD_46_best,RFdiffusion,SSKELIRQRLEELKEEREELLRRAKEELAGAIEAARAAGDEERARRLEEERELALNRVLQLERLIEIVEEFLES,,,0.7488239804903666,0.7724131345748901,74,0.9054054054054054,0.0,0.0945945945945946,74
RFD_90_best,RFdiffusion,ALAEALAAAAAAAAAAAAAAAAAALAALAEAAKAALEARIQRMLELWKAKHEDPEKAEEELEEMIEELIEARRAAGAALALLLAL,0.0,True,0.7948278188705444,0.6417538523674011,85,0.8588235294117647,0.0,0.1411764705882353,85
RFD_32_best,RFdiffusion,MEEEKEREEKIKELEEEAKRLEEQIKELEEEEKKKGKLPGDKRRHLKVLEDWLKEVKEKIEELKK,,,0.7282945315043131,0.822913646697998,65,0.8923076923076924,0.0,0.1076923076923077,65
RFD_2_best,RFdiffusion,MLEKFLEALELEADPSKKEEAKALFEKYEAKRFKKELEEIKKLPEEEREKKISQLIKEVKQIKNMSPLMGEIAEKLLEESLKEIEEEKK,0.0,True,0.727606197198232,0.7496137221654257,89,0.898876404494382,0.0,0.10112359550561797,89
RFD_133_best,RFdiffusion,VSNNLYLIGEIFEKIYKEESEKREKEKKEYEEILKKAEKGEDKESKEEAEKKLEELKEEEKILESIKERVERRQEALEKERKELLEKLLELLK,0.0,True,0.7551222046216329,0.7002294858296713,93,0.9139784946236559,0.0,0.08602150537634409,93
RFD_21_best,RFdiffusion,SEELAKARALFDERLKALRALRAAAVRAAADAAAAAELAALAASGAPDAAARVAAARAEAEAAAAAAAAALAARLAEEEARARELWEEMLAG,0.0,True,0.7364410956700643,0.6813218792279562,92,0.9347826086956522,0.0,0.06521739130434782,92
RFD_19_best,RFdiffusion,AAAEAAARAAAAAAAAAAAAAAAAAAAAAAAAALAAYLAAHAEELAAREAEIKKEREELELAERLKKLLE,0.0,True,0.7505700389544169,0.6044761935869852,70,0.9571428571428572,0.0,0.04285714285714286,70
RFD_12_best,RFdiffusion,AAALAALAAAAAAAAAAALAARYGALGAIEIRRENEKKAEEEAKEEEEEEEEEEEEEEELEEELK,0.0,True,0.7345880270004272,0.6963104009628296,65,0.9076923076923077,0.0,0.09230769230769231,65
RFD_28_best,RFdiffusion,ISEEEKKKLKEELEKEEEKIKEEVSKYLEESLEEIKELERLALKDPSYEEELEKKREEIIEYLKKKEEEIEKKKKELEEKLK,0.0,True,0.7233517169952393,0.732663611570994,82,0.9390243902439024,0.0,0.06097560975609756,82
RFD_178_best,RFdiffusion,MVSEEELKKLEEEKKKEEEKEKERKKEEEELEKLREELEKEKEKKLEELKKKLEELKKKLEEEKKKK,,,0.711958110332489,0.788210411866506,67,0.9402985074626866,0.0,0.05970149253731343,67
RFD_78_best,RFdiffusion,MEELLAKLARLLAAKEEVERRNAERAERAAAEAAALAALAAAALAAAAAAAAALAAAAAAAAAAAAAAAARAAAEAA,0.0,True,0.7510579824447632,0.6308628519376119,77,0.948051948051948,0.0,0.05194805194805195,77
RFD_165_best,RFdiffusion,MLSPTSLCSRKVAAIVAAVLALVAAGLAAGLPLWAVYLALLVAAVVFSAVSLALCAVVCGAREEEILAFNEEQLAAL,,,0.7290712594985962,0.7209692597389221,77,0.8961038961038961,0.0,0.1038961038961039,77
RFD_190_best,RFdiffusion,EELERREEEEIAELRALADALAAEAAAAGEGPSARTALVEALYRHIAARRESREERAEVREAQAEMEKLRAEVLAK,0.0,True,0.7311068574587504,0.6338692108790079,76,0.8947368421052632,0.0,0.10526315789473684,76
RFD_39_best,RFdiffusion,SAAAAAAAARAARARAAAALLREGEATGDEAAREATLAELAALGPELLAATLAIVEAEKRREEEAEELREEMEEA,,,0.7299530506134033,0.7624139189720154,75,0.92,0.0,0.08,75
RFD_181_best,RFdiffusion,SAARAAEERALLAALEAAVAELLATGSLAALHEARRLAREFELMDSPDPELRARAAAVRERIAPLVAALEERRKREREEREREELLRRLLG,,,0.711193323135376,0.7494328816731771,91,0.8901098901098901,0.0,0.10989010989010989,91
RFD_35_best,RFdiffusion,AAARAAELAALQARIAELEAELAALRAELEKAEEKSKATGKKIGELEVRLARAEAELRALRIRVERL,,,0.7178085048993429,0.7549910346666971,67,0.9104477611940298,0.0,0.08955223880597014,67
RFD_77_best,RFdiffusion,SAAAAAEAAKLAAIEALGLELAERNRAQEELLAAHPEAAAAAAAAALAAALAAALAALLAAALEAL,0.0,True,0.732200543085734,0.5860310594240824,66,0.9545454545454546,0.0,0.045454545454545456,66
RFD_29_best,RFdiffusion,PDASWEEIWAKLEELHAKMLEYRKLAQEYKKKAEELKKKIEELGEAPEELKKEAEELEKKAEEAKAKAEEYREKALELVRFRQKGREEGLKLLEE,0.0,True,0.7005110383033752,0.6965977350870768,95,0.9052631578947369,0.0,0.09473684210526316,95
RFD_108_best,RFdiffusion,PTAAELAAAAEEIAAARALAERELRARRARRRAAEPDVDPEDAAAAETLAADRAAALAAAAAAAAAAAALAAAAAALAAAAAALA,,,0.7254435221354166,0.6377399365107218,85,0.8705882352941177,0.0,0.12941176470588237,85
RFD_146_best,RFdiffusion,GAALAAAAAAAAAAAAAAAAARAAAAAAAAAAALAAAAAAALAAERAAALAAVREALEAERERLAR,,,0.7101763685544332,0.6312809785207113,66,0.8333333333333334,0.0,0.16666666666666666,66
spellbound_carter-1,LatentX,GSELDTALKELFSIFDKENTGTINFEQFLTAMKQLFAKEKISATDLQKVCADAFSTVDKENTGTINFEQFKTAVKMVADKLKISESKLLDLVKETVAANT,,,0.3729048669338226,0.7794200778007507,100,0.69,0.06,0.25,100
spellbound_carter-10,LatentX,ADSEARDAEIKRLYLDEFLSQQEIADKLGISQPTVSNTLKRLGISSADRSQARDAEIKRLYLDEFLSQQEIADKLGISQPTVSNTLKRLGISSAARAAVA,,,0.2028499245643615,0.7268223762512207,100,0.73,0.0,0.27,100
spellbound_carter-3,LatentX,ASEADKKQSFYEQIIEMVDNFYKRNKIDSSLYKQLMTEITKIKYQVDQDAAASEADKKQSFYEQIIEMVDNFYKRNKIDSSLYKQLMTEITKIKYQVDQD,,,0.2874911725521087,0.736110508441925,100,0.8,0.0,0.2,100
spellbound_carter-4,LatentX,PAELATPTAAQIADLKTKANAGDATAQCNLGNIYSRQGNTEQAIQWYQKAADQGNATAQFNLGNIYSRQGNTEQAIQWYQKAADQGNTGAQNRLAYLKAQ,,,0.4870094060897827,0.7221866250038147,100,0.79,0.0,0.21,100
spellbound_carter-8,LatentX,GPLTMAQVLYNLKQQSSNPKCKEAYDLLQKGQTLAAQGDTLFKQEKYAEALDKYQQALDCYQKALVILQDLEMTEEAAAVQEKIDVIKDKIAECQDKLAS,,,0.3481777608394623,0.7813703417778015,100,0.85,0.0,0.15,100
spellbound_carter-9,LatentX,AAAAALKATIAAVLETQHKLPPMVAAGAATIAVATAQEQLYKKKTPAEIQAAVQAKVEAFLLRQKVPPAVAKAAAAAAAALVVAAVKEGKLAPKKPGKVS,,,0.4080366194248199,0.7437999844551086,100,0.75,0.0,0.25,100
supreme_korsakov-1,LatentX,AAAAAAAAAAVAAAASKEYTLTHLKIKATVEQLVKNLSSPNDNVLIQAAEGLTEILQTVPDDEKANVAKAVIQHGGIEKLVKLLSSPNDQVLISALEALSALLDVEDVAGQVADAVREHGGIEKLQALQKHENEKVATAAAELLAKILAV,,,0.3336063623428345,0.7441552877426147,150,0.7466666666666667,0.05333333333333334,0.2,150
supreme_korsakov-10,LatentX,EVAHHVGEVAKHTGEAAKHADVADMKGMAHHLGEVAKHTGEAAKHTGAHDEVAHHVGEVAKHTGEAAKHADVADMKGMAHHLGEVAKHTGEAAKHTGALGHDEVAHHVGEVAKHTGEAAKHADVADMKGMAHHLGEVAKHTGEAAKHTGA,,,0.2036951035261154,0.7986136078834534,150,0.88,0.0,0.12,150
supreme_korsakov-2,LatentX,ATIYPTKQIRTPEELQAARDNEAKFTPLINKVAAQVSKETGVSVSPKLLKAIIGTESNFDPNAVNKTAEGTSYGLMQIMGATWNQVRGQVGGSSVKELLDPERDIRAGALFLAKTAKMNKRNYVIPQDVFLYYNRSQSYYNHVTAAYNAL,,,0.180276870727539,0.4867275357246399,150,0.6333333333333333,0.07333333333333333,0.29333333333333333,150
supreme_korsakov-4,LatentX,ADPTNVTAAQLQTQSIAAVIAAFYAAVNADATLKAVQAKFSAADWAAHTAKVSAAMTTVLNAAVAAAKTKPDVTAADILADPAVKALLAQLPAVGALHKGKGVGPAEFAVVKTHFVAAVTAEPYFSSIDAATWGTVFDALAAEIMKGVNA,,,0.3275841176509857,0.7910056710243225,150,0.78,0.0,0.22,150
supreme_korsakov-5,LatentX,ASADAVNEILEEAERIKKDEPEKVNEIVNEILEEAERIKKDEPEKVNEIAEILEEEQAIDPEKAKELAAIIAAAIKIAFEARAEGKTFNETAAIVAAIEIILEEEEAIDPEKAKELAAIIAAAIKIAFEARAEGKTFDEALNEIIEILKT,,,0.3320007920265198,0.6804403066635132,150,0.8666666666666667,0.0,0.13333333333333333,150
supreme_korsakov-6,LatentX,SAAEIENLLTSNGFVKISNNVYINENVKKQTIKKILIVEDDSIIRAGLKTILENEGFEVDEANNGIDALDLLKENSYDLILMDIMMPIMDGIEATKKIRESDAKDIPIIFVTAETDIATLKEAIDTQPAGFILKPFEASELIQAINALQA,,,0.4236563742160797,0.8201764822006226,150,0.4066666666666667,0.22666666666666666,0.36666666666666664,150
supreme_korsakov-7,LatentX,ASLTAQIATLVSEISALVSQLIASGQLDAATTTLLQGVQSTLSSVSALVSEAQALDASIGSSVQAVPPVAAATATYKDLINQTLTVIYYTLVDLKGALQDLQAAIAAGDAQAVAQAVAAVQDLANRLDVETTLLSGYIAEAKAKGLNATA,,,0.508486807346344,0.7435418963432312,150,0.7666666666666667,0.013333333333333334,0.22,150
supreme_korsakov-8,LatentX,AYPNLVAAFGQAGVDALQAHLTTVATNLKVEETTSLTVAEWVEIMMLFYDELLGKVPCLAVLMSLDDFKTEATNILTALVQLTAAAPDTAALATLLATMKAAHAALGIGPAQFAIVSSAFASALAKSSLDDAKKAALAAAFDTLIAALTA,,,0.4082319438457489,0.7827039957046509,150,0.8333333333333334,0.0,0.16666666666666666,150
supreme_korsakov-9,LatentX,SNITINGKEYDIDAVIKKVFDKYDTDKSGTLDKDEVGTLILDIFDTDKSGTIDFNEFKVLVKSLAILPMNASDAEIKEVFDKYDTDKSGTLDKDEVGTLILDIFDTDKSGTIDFDEFKVLMSPLLHAYSIGYLPAAVAAKVQAVILSALA,,,0.3345685005187988,0.7886152267456055,150,0.5866666666666667,0.08,0.3333333333333333,150
