seq_id,batch,scaffold,length,avg_iptm,avg_iplddt,avg_ipsae,min_ipsae,composite3,composite2,mono_ptm,ring_rmsd,novelty_pass,sequence,ipsae_tm8,min_ipsae_tm8,ipsae_frac5,min_ipsae_frac5,composite4
RFD_160_best,Batch2,RFdiffusion,69,0.9097074270248413,0.8472626209259033,8.531460762023926,1.3958905677000681,0.7779,0.8785,,,,LLTPEQLKSGQLMQNRLKALEEYAAELRAEAAERKAAAGPETQARYERLVALVDERLAEAKEEAKLGLA,0.6306,0.6198,0.5595,0.5504,0.7933
RFD_38_best,Batch2,RFdiffusion,94,0.8698364694913229,0.8160160779953003,7.28781270980835,2.094851271311442,0.8113,0.8429,0.8402766386667887,,,YEERKKEIEERRKKILEEREKLLKKYEEEKKKREKELEEAKKKLSPEEYKKFKEEEEKKWKEEEEELEKKLRELDLELLKLDAEERRLELELAK,0.6609,0.6151,0.5603,0.4811,0.7806
RFD_56_best,Batch2,RFdiffusion,88,0.87898188829422,0.8420534729957581,9.444886207580566,1.5539213955402376,0.7208,0.8605,0.8710641662279764,,,GRYAGLPEEERRALLRAELERRREEAERRAAEHRARAEELEAALAAATGISPEERAAILAEIELERARAELYEEAARRIEEQIRKLEE,0.5938,0.5639,0.5206,0.4948,0.7681
RFD_34_best,Batch2,RFdiffusion,78,0.8684269189834595,0.7589676976203918,7.174215316772461,2.2310514112313586,0.799,0.8137,,,,MSELLKIRRARLAEEEARIAAELAALEAAGAPPEERAAHLAALKAEREAWELELNKELAELLKELEEKKKKEEELKKK,0.6653,0.6362,0.5703,0.5038,0.7645
RFD_97_best,Batch2,RFdiffusion,70,0.8715053796768188,0.7105352282524109,6.371638774871826,2.2137730578581496,0.8236,0.791,0.8592514594395956,,,LRGLLLRLQSRLDRWRTLLSRTSLSQEQKDAAMERDADEEGAGVARATGDPAAGEAVRAALRALYRALLT,0.6973,0.6558,0.6285,0.5458,0.7622
RFD_122_best,Batch2,RFdiffusion,92,0.8824732104937235,0.7025536497433981,7.228315830230713,1.5101862847805023,0.7851,0.7925,0.7781725525856018,,,AAAAAKAAAAAAAAAAAAAAAALAAIAAQKQAVIKAAVEEKEKLREETKKKIEELLKEGKITKEEAEKLIEEVEEKEIEINKKVVEQLKAYD,0.6777,0.6537,0.6073,0.5643,0.7568
RFD_37_best,Batch2,RFdiffusion,77,0.8589104811350504,0.7921872735023499,8.263564109802246,2.4999930262565613,0.7537,0.8255,0.8985588550567627,,,SSSRLRMEMISEIYELSVEYKKYKKNSEKEENKKKALEAKKKMAQLKLELAKLEGDEEAAKKYEEELKKIEEEIKKL,0.6234,0.5911,0.5523,0.5060,0.7565
RFD_52_best,Batch2,RFdiffusion,75,0.8260839978853861,0.7830222050348917,6.626605987548828,2.5506829261779784,0.8152,0.8046,0.899544338385264,,,SEELEKLLKEVKEKLKKLIESQKTKEEKEKAKKKAEEVLKEIEEILEIRELTGNDELAIIRIKRLLEKYEKEYKA,0.6623,0.6253,0.5418,0.4736,0.7558
RFD_114_best,Batch2,RFdiffusion,85,0.8636165459950765,0.724195679028829,5.990318298339844,2.1759241819381714,0.8426,0.7939,0.7783177892367045,,,VTAAEAAAAAARAAAAAAFREALAAKRAELLAEAAKSAEPELAIIETRRRLAEWGIARRRELGNAPQRSDLVAIDFVELELERRG,0.6721,0.6390,0.4746,0.4244,0.7548
RFD_167_best,Batch2,RFdiffusion,70,0.8703163862228394,0.6564714312553406,5.5646514892578125,1.8541816294193267,0.8451,0.7634,0.6368798812230428,,,PATRDYPAEAEEERKKKKEEEEKILKEIEKLEKEDPEKAKKKKEEIEKKIEEEKEKALKKKLEKLKKLLQ,0.7150,0.6786,0.6250,0.5586,0.7518
GLMN_T0.1_s4,Batch1,GLMN,247,0.8859290599822998,0.7388937830924988,7.716495513916016,1.6940564596652983,0.7743,0.8124,0.8906808495521545,1.113,True,LEELRALLEKIPDGSLPASLLELPIYREIPLELVDIITKSPDLEVRRAALELLDLYISRLDPEGQYLLFKYLLENSNDSGVKAHIINQIRKRVAEALSQPGEITEFLGEKFVELMKLVFSLPEGENTNLHQNREHILAALNLLLYLVLSDSPEENKTGFWSILDDILKNFLEPLKKAIAKAKAEINARIAALKARIAGKKTSKTAAPGPVIPNVTPEEQLKILEDGLTDLDLIEFVLNQVLEEIKKR,0.6256,0.5668,0.5103,0.4418,0.7507
RFD_152_best,Batch2,RFdiffusion,79,0.8171302278836569,0.795732299486796,7.237178802490234,3.0139401952425637,0.7865,0.8064,0.8420489430427551,,,YEEKIKLYEEQHEKFKEEVRKKVLELTEKYIEENKEKLTPEEIEKLKKEAEENIKAREEKIEKLLKLRKEVLKEEAERE,0.6437,0.5927,0.5054,0.4146,0.7500
GLMN_T0.3_s7,Batch1,GLMN,247,0.8767866373062134,0.7772072434425354,8.712015151977539,1.692017811536789,0.7351,0.827,0.8897066116333008,0.68,True,LEALRAALEAIPAGSLPASLLELPVYRELPLALVKIITESPDLAERKAAVDLLLLYFDRLDPEGQYLLFTHLLRHSNNSGVRALIIDRIRDRIAEALRGPGTVTEFLGENLQKLLELVLSLPNGEDTNLLEYEEHILAALNLLKYLVVSDSPEENKTGFWDRLSEILENFLIPLKKAIAKSRAQLKERIARLKQQAESRALSDTPAPGPVIPDLSIADQLAVLEDGLIKLERIEFVLNEVLELIESR,0.5944,0.5429,0.4798,0.4207,0.7481
RFD_199_best,Batch2,RFdiffusion,80,0.8734724919001261,0.6221149961153666,5.693796634674072,1.8969746033350627,0.8299,0.7478,0.4638422131538391,,,MDAEAREKARAAQAAAAAALAAALPALLALAAAGLAPALAAALAVGGAAAAAELAARGAVYEEEMERLAKEIEEELEKAE,0.7255,0.6949,0.6895,0.6503,0.7463
RFD_1_best,Batch2,RFdiffusion,75,0.8535277843475342,0.6767312089602152,6.124956130981445,2.0434462845325467,0.818,0.7651,0.8348573048909506,,,ASECLDKMVEIVLETREEIEKAKEEGEKEIKEVEEKYGKEAAEKKKEEVEKKIAEIEEEAEKKIAEVIEEYKKAA,0.6936,0.6316,0.6046,0.5037,0.7445
GLMN_T0.1_s13,Batch1,GLMN,247,0.8784431695938111,0.7525698423385621,8.110960960388184,1.716617057323456,0.7568,0.8155,0.8884853243827819,1.022,True,LEELRKKLEELPDGSIPASLLELPEYRELPLELVDIITKSPDLEERKAALELLDLYFKRLDPEGQYLLCKYLLKNANDSGVKAHIINRIRDLVAEALKGDGTITEFLGEKLVELLKLVFKLPKGKDTNLLKWREHILAALNLLRYLVIADSKEKDLTGFWSILEEILKNFLEPLKEAIKKSTAELNARIATLEAQIAGAALSPTRAPGSVIPNLTPEDQLKVLRDGLNDLDLIQFVLDEVLELIKKR,0.6033,0.5445,0.4740,0.4058,0.7444
GLMN_T0.2_s5,Batch1,GLMN,247,0.8793705224990844,0.7436022996902466,8.186201095581055,1.7132953822612762,0.7509,0.8115,0.8911003708839417,0.892,True,LEEIEAALLAIPAGSIPASLLDLPEYRDLPLELCKIITENPDLEERKRALRLLDLYFDRLDPEGQYLLAKYLLENSNDSGIKAHIVNRIRDRISEALKQDGSITEFLGDNFVELLKLVFKLPKGSDTNLIKNREFILAALNLLIYLVISDSKEKNLTGFWSILKKIIDEFLKPLKEGIKKSRAELEKRIEILERQKANRSLSKEFEPGSRIPDVSLDDDLKILKQGLNDLDLIEFVLNEVLELIEKK,0.5980,0.5491,0.4656,0.4108,0.7402
RFD_195_best,Batch2,RFdiffusion,93,0.8802501559257507,0.716264804204305,8.019317626953125,1.7385428984959919,0.751,0.7983,0.6752225557963053,,,MSEELEANLAGLETVHDFFDAWLAGNLAEAQALLDEIAKSGSSGVGRAAFTLLRRHRDALAAALAAAKATGTGAQAEALLARFEAVMAAHLAA,0.6119,0.5764,0.4837,0.4502,0.7371
GLMN_T0.1_s11,Batch1,GLMN,247,0.8868655085563659,0.7047497153282165,7.974217891693115,1.6581572878360749,0.7523,0.7958,0.8895276069641114,0.96,True,LEELRAELEAIPDGSLPASLLEEPRYRELPLELVEIITKSPDLEERRAALELLDLYFRRLDPEGQYLLAKYLLKNANDSGVKAHVIRRIRELVAEALKGPGTIKEFLGENLVELLKLVFKLPKGENTNLDKWREWILAALNLLKFLVISDSKEKDKTGFWSILEDILKNFLEPLKKALEKAREEVEKRIEILQEQIANKKISKKAKPGSRIPNLSPEDQLKVLKDSLNDLDLIEFVLDEVLELIKKR,0.6125,0.5599,0.4950,0.4387,0.7362
GLMN_T0.3_s8,Batch1,GLMN,247,0.8780853509902954,0.7404421329498291,8.655133247375488,1.7701598727703094,0.7273,0.8093,0.8962413191795349,0.603,True,LQEIRDALAALPDGSIPSSLLDIPFWRELPLNLCDIITQSPDLELRQAALELLDLYFSRLDPEGRYKLIKYLLKTSNNSGIKAHVIRKITEEVKRALSGPGDISEFLGEKLKELLKLVFKLEKGENTNLLANREYILAALNLLLYLVLSDSPEENKTGFWDILEEIKKNFLEPLKKALKKAREELTTRIETLQQQIANQKISPERTPGSTIPNLTPEDQLKVLEAGLNDLDLIEFVLKQVEEAIEER,0.5897,0.5353,0.4626,0.3996,0.7359
GLMN_T0.1_s3,Batch1,GLMN,247,0.8730069518089294,0.7577130556106567,9.0825777053833,1.7856843626499175,0.7103,0.8154,0.8817369818687439,1.06,True,LEELREELEKEPDGSIPASKLEEPEYREIPLRLVDIITKSPDLEERKAALELLDLYFKKLDPEGQYLLMKYLLENSNDSGVKAHIIRRIRERVAEALAGDGTVTEFLGEKLVELLKLVFSLPKGADTNLDANREHILAALNLLIYLVTADSPEENKTGFWSILKEIEENFLKPLRKALAKARATVEARIATLRAQIANAALSPEAAPGPVIPGLTPADQLAVLEDALNDLDLLEFVLNRVLELIEKR,0.5752,0.5235,0.4440,0.3943,0.7342
GLMN_T0.2_s14,Batch1,GLMN,247,0.8790244698524475,0.7159265637397766,8.128171920776367,1.747261393070221,0.7452,0.7975,0.8906238675117493,0.915,True,LEELRKELLKIPDGSIPASLLDEPEYREIPLELVEIITKSPDLEKRKEALELLDLYISRLDAEGRYKLFKYLLENANDSGVKAHIINRIRDEVSEALKGKDDIKEFLGENLVELLKLVFKLPEGADTNLSLWREHILAALNLLLYLVISDSKEENKTGFWSILDEIKENFLKPLKEALKKARAEVEKRIAILKAQIANRATSATRAPGATIPNLTPEDQLKVLEDALNDLDLIEFVLEQVEEEIEKR,0.6043,0.5404,0.4746,0.4010,0.7339
GLMN_T0.3_s12,Batch1,GLMN,247,0.8816484451293946,0.7056323885917664,7.9934821128845215,1.7540348625183106,0.7496,0.7936,0.8794790506362915,0.91,True,LEALRALLAAVPDGSLPATLLDLPIWRELPLALVKIITESKDLELRRAALELLDLYFSRLDPEGRYLLLKHLLETANDSGVKAHVIRRIRDLVAEALSKDDTDTYFVGEKLQELLELVFKLPKGEDTNLHKWREWILAALNLLLFLIISDSEEKNITGFWTNLKRIEENFLKPLKKAIEKATKEINDRINILQLRIELQSLSRTDPPGSVIPNVSPEDQLKILQDGLNDLELIQFVLDQVLEEIKKK,0.6091,0.5529,0.4775,0.4225,0.7335
GLMN_T0.1_s16,Batch1,GLMN,247,0.8707590341567993,0.7306420207023621,8.254172325134277,1.8534645688533786,0.7404,0.8007,0.8898970007896423,1.072,True,LEELRAALDAIPAGSLPASLLDLPLYRELPLELVKIITESPDLAERRAALELLDLYFDRLDYEGQYLLAKHLLKTSNDSGVEAWVINRIRDLVKEALSQDGSITEFLGEKLQELLKLVFKLPEGENTNLDRWREHILAALNLLIFLVISDSEEENKTGFWTILEEILKNFLEPLKKAIKKARAEVEKRIAITEERKANLALSKEFKPGPLIPNMSLDDQLAVLRQALTDLDLIEFVLDEVLELIEKR,0.5938,0.5311,0.4593,0.3854,0.7318
GLMN_T0.1_s10,Batch1,GLMN,247,0.8770627975463867,0.7193812370300293,8.478706359863281,1.740990718603134,0.7289,0.7982,0.872757077217102,1.2,True,LEELREELLKLPKGSIPASLLEKPEYREIPLELVDIITNSPDLELRKAALELLELYFDRLDPEGQYLLLKYLLKNANDSGVRAFCVRRLRDLVAEALAGPGDIKEFLGENFVELLKLVFKLPKGADTNLIQWAEYIRASLNLLRFLVIADSPEENKTGFWDILDEILKNFLEPLKKALAKARAEVEARIAALERDIANRALSAEREPGPEIPNLTPEDQLKVLRDALTTLDLLEFVLERVLELIKKR,0.5897,0.5411,0.4553,0.4040,0.7292
GLMN_T0.1_s15,Batch1,GLMN,247,0.8806976675987244,0.7051755785942078,8.563680648803711,1.8109246528148653,0.7221,0.7929,0.8946103692054749,1.151,True,LEKLRELLEKIPKGSIPASLLDIPIYRELPLKLVEIITKSPDLEERKAALELLDLYFDRLDSEGRYILAKYLLKNANDSGVEAHIIRRIRDEVAKALAKDGSDTYFLGENFVELLELVFKLPKGEDTNLDKWREHILAALNLLLFLVISDSKEKNKTGFWTILDKILENFLEPLKKAIEKARKEVNERIAILEKRIANAALSSEAEPGPVIPNLTPEDQLKVLKDSLNDLDLIEFVLNEVLEEIEKQ,0.5965,0.5405,0.4779,0.4130,0.7286
GLMN_T0.1_s2,Batch1,GLMN,247,0.8766510725021363,0.7142263293266297,8.566282272338867,1.786293913125992,0.7231,0.7954,0.8893086194992066,1.194,True,LEKLRELLLKFPKGSIPASLLELPIYREIPLKLVDIITKDPDLEKRKAALELLDLYYDRLDPEGRYKLAKYLLENSNDSGVKAHIIRRIRDDIREALAGDGTVTEFLGENLVELLKLVFSLPKGADTNLDANREYILAALNLLRYLVIADSPEENKTGFWDILDEILKNFLEPLKEAIKKARAEVEARIAALRAQIAGKALSKEAAPGPRIPNLTPEDQLKVLEDSLTDLDLIEFVLEEVLELIEKR,0.5927,0.5382,0.4744,0.4124,0.7285
RFD_91_best,Batch2,RFdiffusion,69,0.8381648659706116,0.7213809092839559,7.969123840332031,2.719515800476074,0.738,0.7798,0.68391881386439,,,KSFVDVTLEEVELREESEERLEELEEEAEESEDPEEAEEELEALEEEEEEELEELEERKDEIAEELLAE,0.6233,0.5911,0.4679,0.4386,0.7279
GLMN_T0.3_s15,Batch1,GLMN,247,0.8672325611114502,0.729954195022583,8.945558547973633,1.774446084499359,0.7061,0.7986,0.9026147484779358,0.807,True,LEELERLLKAFPPRSIPASLLDLPLFREFPLSLVDIITKNPDLELRKAALHLLDLYFDRLDPAGQYKLAKYLLENSNDSGVDAHIIRRIRRLVAEALDQPDEIKEFLGDKLVELLELVFKLPNGEDTNLIKNSEKILAALNLLKYLIIRDSKEENKTGFWDILDKIKKNFLTPLRKGLEKAKAQVQARIAQTQARKAGLAASSTFAPGPLIPNMSLDQQLQVLQDALNTLDRIQFVLDNVEELIKER,0.5856,0.5232,0.4701,0.4006,0.7275
GLMN_T0.2_s15,Batch1,GLMN,247,0.8764910697937012,0.6915310859680176,8.230369567871094,1.7222922897338868,0.7321,0.784,0.8885326981544495,1.838,True,LEELEKKLLEIEDGSIPASLLDLPEYKNIPLELVDIITNSPDLEERKRALKLLDLYFKKLDSEGRYILAKYLLKNSNNSGVEAHIINRIRDEIKEALAGPGDDTEFLGEKFQELMKLVFKLPKGADTNLDANREHILAALNLLRYLVIADSPEKNKTGFWTILDDILKNFLEPLKKGLAKARAEVNDRIARLKEDMANRKRSKKRKPGPRIPNVSLEDQLKILEDALNDLDLIQFVLDSVLELIAKR,0.6010,0.5418,0.4769,0.4189,0.7246
GLMN_T0.2_s7,Batch1,GLMN,247,0.8658280730247497,0.7146888732910156,8.361647605895996,1.9259307396411895,0.7286,0.7903,0.8941197395324707,1.071,True,LEELKKLLLKIPDGSLPASLLDLPFYRELPLELCEIITKSPDLEKRKEALELLDLYFKKLDSEGRYKLFKYLLKTSNHSGIRAHVIRRIRDEVAKALAKPGTDTYFLGEKLVELLKLIFSLPNGADTNLDLWREHILAALNLLLYLVTKDSPEENKTGFWDILEEIKKNFLEPLKEALAKSRAEVEARIAQLNLRIALKSLSPIRPPGSVIPNVTPEEQLKILQQSLTDLDLIEFVLNEVLEAIEKK,0.5902,0.5223,0.4548,0.3757,0.7240
GLMN_T0.3_s6,Batch1,GLMN,247,0.8613474130630493,0.7480111360549927,8.995079040527344,1.8828265273571012,0.7068,0.8047,0.8900322794914246,1.033,True,LDEIEELLKKIPDGSLPASLLDIPIYRELPLELVEIITNNPDLELRKRALELLELYYDRLDPEGRYLLIKYLLLNANHSGIRAHLIRRIRREISRALLEEGRITEFLGEKLVDLLELVFSLPKGADTNLDLWREHILAALNLLKYLIIRDSKETNLTGFWDILPKIEENFLKPLEEGLKKARAEVEERIKITKEQQENLKLSSTPKPGPLIPNMNLEDQISVLQNALTDLELLEFVLNEVKELIKKR,0.5661,0.5069,0.4286,0.3749,0.7240
GLMN_T0.3_s4,Batch1,GLMN,247,0.8780821204185486,0.6900515556335449,8.122407913208008,1.7430589187145233,0.7374,0.7841,0.8879842519760132,1.607,True,LEELEKKLLKIPDKSIPASLLDLPEERNIPLNLVKIITESPDIEERQQALKLLDLYFDKLDFEGQYKLASYLLKNSNDSGIKAHVINRIRELVHEALKGDNDVTEFLGDNFVKLMELIFKLPKGENTNLDKWREYILAALNLLLYLIIRDSEENNKTGFWDRLEEIIKNFLEPLKKAIKKAKEEVEKRIAILKEQIEEKKLSKKRKPGKRIPDLSPEDQLRVLEDSLTDLELIEFVLEQVLEEIKKR,0.5969,0.5397,0.4600,0.4101,0.7233
RFD_118_best,Batch2,RFdiffusion,93,0.8145960569381714,0.7052007714907328,6.637988567352295,2.9346898754437767,0.7867,0.7599,0.8597211043039957,,,MAEEKIKKLKEEAEKKLKEAEEKRKEAEELERKAIELLKKAKESTPEKQKELLEKAKECLEEAKKKQEEAYKLLLEATKLHEEAKKLEEEYKK,0.6466,0.5833,0.4702,0.3380,0.7230
RFD_162_best,Batch2,RFdiffusion,89,0.8461701472600301,0.6389987071355184,6.119840145111084,2.739309004942576,0.8039,0.7426,0.6184154748916626,,,EEERERLRELAETLPEELIEAFRERLKALGYKEEEISDEQLRLALAAVVAEDPENLEEALERLFEGARAREEKLEAIAAEIEAELEALK,0.6712,0.6332,0.5043,0.4516,0.7228
GLMN_T0.1_s9,Batch1,GLMN,247,0.8754171848297119,0.7243455529212952,9.040959358215332,1.8233066713809964,0.7032,0.7999,0.8865011692047119,1.345,True,LDALRAALEAVPDGSLPASLLDLPAWRELPLALVEIITRSPDLALRRAAVELLELYYRRLDPEGQYKLFRYLLEHSNDSGVRALIIRRIREEIKKALAQDGSITEFLGEKFQELLKLVFKLPKGADTNLDANREHILAALNLLKYLIISDSKEKNKTGFWDILEEIKKNFLEPLKTALAKSRAEVEARIAALRARLAGRALSPEDAPGPRIPGMTPEEQLAVLEDSLNDLDLIEFVLDEVLELIEKQ,0.5690,0.5149,0.4432,0.3949,0.7228
GLMN_T0.3_s13,Batch1,GLMN,247,0.8577806711196899,0.7580872654914856,9.518701553344727,1.91082093000412,0.6837,0.8079,0.8911680459976197,0.805,True,LQKLRELLEKYPDGSIPAELLELPIYKEIPLRLVDIIVNNPDLEKRQLALELLDLYFEKLDPEGRYLLIEYLLRHSNNSGVKAHLIRRITKEVARALAGDGSDTYFLGDKLVALLKLVFSLPKGADTNLIANREAILAALNLLQFLITRDSPEENRTGFWDILDEIIENFLKPLQKAIEKAREEVQKRIEILQKQKENQNLSKQRKPGSEIPGMNMEDQLKVLKDALNDLDLIQFVLDSVLALIEKR,0.5573,0.5027,0.4312,0.3766,0.7227
GLMN_T0.1_s5,Batch1,GLMN,247,0.864568829536438,0.7261352300643921,8.736563682556152,1.9273402070999146,0.7138,0.7954,0.9145626306533814,0.659,True,LEEIREKLLKIPDGSLPASLLDKPEYIELPLKLVDIITKDPDLEKRKAALELLDLYFKKLDYEGQYKLCKYLLKNANDSGVKAWIINRITELVKEALAGPGEDKYFLGENFVELLKLVFKLPEGENTNLDANREYILAALNLLLFLVISDSEEENKTGFWSILPEIKANFLEPLKTAIKKATAEVNERIAITKARKAGRAISKEDPPGSLIPNLSLDDQLKVLEQSLTDLDLIEFVLNEVEEAIAKR,0.5773,0.5172,0.4484,0.3833,0.7225
RFD_106_best,Batch2,RFdiffusion,93,0.8441787759462992,0.6543317437171936,6.487446308135986,2.445055838425954,0.7904,0.7493,0.7811975280443827,,,AAAAALAAAAAAAKAALARAAALHAGRAQRLANLAELEPERAAVLAALAAAHAVLAVALALAALGPAAAAAGAALLAAAAAAAAAAAAAALAA,0.6568,0.6206,0.4843,0.4167,0.7216
RFD_16_best,Batch2,RFdiffusion,94,0.8198715845743815,0.7324145237604777,7.812808513641357,3.0642318904399866,0.7414,0.7761,0.8827962478001913,,,SEAELAAAIAELRAALEALTAAELELFALLGDEEGAARAEADAARRREELAALEAAARADPAALAALRARLEEIRRRLAATEQDLARLRARQLA,0.6123,0.5705,0.4610,0.4223,0.7210
GLMN_T0.1_s7,Batch1,GLMN,247,0.8697468280792237,0.7138184189796448,9.053247451782227,1.802949947118759,0.6972,0.7918,0.8955139994621277,1.038,True,LEELRAELAAIAPGSLPASLLEEPRYRELPLELVKIITESPDLEERRAALELLDLYFDRLDPEGQYLLAKYLLKNSNNSGIEAHVINRIRERVAAALAGPGTDTYFLGEKFQELMKLVFKLPKGADTNLDANREHILAALNLLLFLVISDSPEANKTGFWDILKEIEENFLKPLKEALKKARAEVEARIAELEARIAGRALSSTAAPGPVIPDLTPEDQLKVLRDSLNDLDLIEFVLNEVLEEIKKR,0.5762,0.5176,0.4546,0.3957,0.7202
GLMN_T0.2_s8,Batch1,GLMN,247,0.8639581203460693,0.7275835037231445,9.109857559204102,1.9007750201225282,0.6963,0.7958,0.8881555676460267,1.335,True,LEELREELLKIPKGSLPASLLDLPEYIELPLELVKIITESPDLELRRAALELLDLYFDRLDPEGQYKLIKHLLATSNHSGVRAHIIRRIRELIKEALKGPGDIKEFLGENLVELLKLVFKLPKGSETNLDEWREWVLAALNLLKYLVISDSKEKNKTGFWDILDEIKKNFLEPLKKALAKAKAEVETRIAQLQADIANQALSPTAAPGARIPNLTPADQLKVLQASLTDLDLIEFVLDEVLELIEKQ,0.5687,0.5154,0.4393,0.3801,0.7197
GLMN_T0.3_s5,Batch1,GLMN,247,0.8720911741256714,0.7127367854118347,9.180784225463867,1.8309755432605743,0.6918,0.7924,0.8925834178924561,0.907,True,LEELAKALAAIPRGSLPASLLELPLYRQLPLELVRIITQNPDLELRRAALELLELYFDRLDPEGRLLLIKHLLKTSNHSGVEAFLIRRITADVREALAGPGDVTEFLGEKLQELLKLVFKLPEGENTNLIRWREHIMAALNMLLYLVIADSPEEDKTGFWKIKEEVEKNFLIPLQKAIEKARAEVTARIAATEARKAGKALSATDAPGPLIPNMTLDEQLKVLNDALNDLDLIEFVLNEVLEEIKKR,0.5664,0.5071,0.4415,0.3720,0.7173
GLMN_T0.1_s1,Batch1,GLMN,247,0.8712079763412476,0.6980998635292053,8.836840629577637,1.8328356921672821,0.7033,0.7847,0.8951801657676697,1.172,True,LEELRELLEKIPDGSLPASLLDLPIYRELPMKLVDIITKSPDLEERKAALELLDLYYRRLDPEGRYKLIKYLLENSNDSGVRAHLIRRIRDEVARALSRDGSETEFLGENLQELLKLVFKLPKGENTNLDKWREYILAALNLLLYLVISDSKEENKTGFWDILDEILKNFLEPLKKAIAKSRAEVEARIAQLEEQIANKEISKEAKPGPVIPNLTPEDQLKVLRDALNDLDLIEFVLNQVLEEIKKQ,0.5789,0.5189,0.4529,0.3875,0.7170
GLMN_T0.2_s10,Batch1,GLMN,247,0.8695606231689453,0.7127458691596985,9.365835189819336,1.8647765326499939,0.682,0.7912,0.888711440563202,1.453,True,LEELRAVLKKIADGSLPASLLDLPIYREIPLELVDIIVNDPDLEKRKEALELLDLYFRKLDPEGQYLLAKYLLKHSNDSGVRAHIVRRITDAVKEALAGPGTNTYFLGEKLQELLKLIFSLPEGENTNLDAWREYILAALNLLIYLTISDSPEENKTGFWDILDEILENFLEPLKKAIEKARKEVEERIKTLEEQKANLAKSKTASPGPTIPGMTLEDQLKVLKQALNDLDLIQFVLDQVLELIKKR,0.5659,0.5112,0.4473,0.3880,0.7162
GLMN_T0.2_s3,Batch1,GLMN,247,0.869397783279419,0.7073857069015503,8.754345893859863,1.9001852869987488,0.7092,0.7884,0.8890227317810059,1.179,True,LEEIEKFLKLIPDNSLPASLLELPLFRELPLNLVKIITESPNLEERKRALELLDLYFRKLDPEGRYLLAKYLLENSNDSGVKAHIIRRIRDEVARALAQDGDITEFRGENFQELMKLVFKLPKGANTNLLANREAILAALNLLKFLVLADSPERNVTGFWTILEEIKKNFLEPLKEAIKKSRAELEARIAALEEQIANAAISAEAAPGPVIPNMTPEQQLEVLRQGLTDLALIEFVLNEVLELIKER,0.5690,0.5144,0.4238,0.3766,0.7157
RFD_173_best,Batch2,RFdiffusion,89,0.8020056883494059,0.722199817498525,6.75873327255249,3.4658260504404708,0.781,0.7621,0.9340082804361979,,,SKVETAELIRQSHRAFLDSLLAAADEALAAGDVELAIKYLTHALKELDYFRKVLEHLKELGYVTPEQYEAWLADIAARTAEIRARIAAL,0.6172,0.5427,0.3860,0.2321,0.7134
RFD_10_best,Batch2,RFdiffusion,90,0.8230687975883484,0.6760781009991964,7.235487461090088,2.642941615978877,0.7531,0.7496,0.8753931522369385,,,SPAAAAAAAAAAAAAAAAAAERLAAGLDLLLHRMRVLGVSLEEMIALFRELRAALEAEAAAAKDPAEVLRLEAQIAVVGEHLDRLEAEAA,0.6352,0.6104,0.4767,0.4428,0.7132
GLMN_T0.2_s12,Batch1,GLMN,247,0.8543905973434448,0.7376794695854187,9.501602172851562,2.074197118282318,0.677,0.796,0.8832859992980957,0.902,True,LEALRALLEAIPRGSLPAELLELPIWRELPMKLVDIITNSPDLDERRAALELLELYFDRLDPEGRYLLAKYILKNANNSGIKAFVVNRIRDEVYRALKQDGSITEFVGENFVELMKLVFKLPNGENTNLDANAEYILAALNLLLFLVLSDSPEKNITGFWTILDEIKKNFLEPLKKAIEKATKELNDRIATLTAQKENRAISATEAPGKRIPNVSLDDQLRILNDSLNKLDLIRHVLDEVLEAIEKK,0.5504,0.4972,0.4081,0.3526,0.7130
GLMN_T0.1_s14,Batch1,GLMN,247,0.862514078617096,0.7081094622612,9.16278076171875,1.9911941003799438,0.6874,0.7853,0.8884539604187012,1.078,True,LEALRALLEAFPDGSIPASLLDLPVFIELPLELVDIITKNPDLALRRAALELLDLYFRRLDPEGRYKLAKHLLKTSNDSGVKAHIINLIRDDVREALKQDGSDTYFVGENLVELLKLVFKLPKGEDTNLDKWREYILAALNLLIYLVTSDSKEKNITGFWDILEEIKKNFLEPLKKAIEKATAEVNERIATLKKQIELKEISKEEPPGPRIPNLTPEEQLKVLEDSLTDLDLISFVLDEVEELIKKQ,0.5674,0.5081,0.4377,0.3709,0.7129
GLMN_T0.3_s11,Batch1,GLMN,247,0.8439582347869873,0.7525153040885926,9.593613624572754,2.191354020833969,0.6729,0.7982,0.8920209527015686,1.106,True,LETLKALLDKIPDGSLPASLLDLPIFRDIPLQLVDIIVNNPDLEERKAALELLDKYIAKLDPEGQYLLFKHLLQTANDSGVRAHVVRRIQENVAKALKQPGNISEFVGENLQKLLKLVFTLPNGPNTNLIANAEWVLASLNLLQFLVTSDSKSKNITGFWDILDEIVENFLKPLREALAKARAEVQAAIAALQARIAGRAASAADAPGPKIPGMTAEEQLAVLQDALTTLDLIEFVLNRVEELIKKQ,0.5463,0.4848,0.3943,0.3261,0.7123
GLMN_T0.1_s6,Batch1,GLMN,247,0.863908314704895,0.7249617338180542,9.953185081481934,1.8977249383926391,0.6557,0.7944,0.8857724666595459,1.177,True,LEELREELLKIEDGSIPASKLEEPEYINIPLELVKIITESPDLEERKAALELLDLYIKRLDYEGQYKLFKHLLENSNHSGVEAHIIREITKLVKEALKKDGTITEFLGENLVELLKLVFKLPKGEDTNLDQWREHILAALNLLKFLVISDSPEENKTGFWDILDEIKKNFLEPLKKGLKKAREEVEKRIEQLKKRLENRKLSKEDEPGSRIPNVTPEDQLKILEDSLNDLDLLEFVLNEVLELIEKR,0.5456,0.4881,0.4325,0.3767,0.7108
GLMN_T0.3_s3,Batch1,GLMN,247,0.8636132597923278,0.7308634042739868,10.174131393432617,1.847765566110611,0.6469,0.7972,0.8819002389907837,0.983,True,LADLAAALAAVPDGSLPASLLEVPVARELPLRLVDIITRSPDLDERRAALALLRAYLARLDPKGRLLLYEHLLSTSNDSGVKAFIINEVREDVLEALNKEDDITEFLGENFQKLMKLIFSLPNGSDTNLDEWREYILAALNLLIYLVISDSKEDNKTGFWNNLDEILKNFLEPLKQGIKKAREEVEKRIKILEEQKSNRSTSSTAKPGKRIPNVSIDDQLKILKDSLNDLDLIEYVLDRVLELIKKR,0.5407,0.4921,0.4291,0.3851,0.7108
GLMN_T0.2_s6,Batch1,GLMN,247,0.8753998041152954,0.6868500113487244,9.391374588012695,1.7181613421440125,0.6754,0.7811,0.8939827919006348,1.8,True,LEEIRKKLLEIPDGSLPASLLDEPEYIELPLNLVKIITESPDLEERKAALEVLDLYFKRLDPEGRYKLIKYLLKNSNDSGVEAWLINRIREEVSEALASSGSITEFVGSKLQELLKLVFKLPDGENTNLDRWREHILAALNLLIFLVTADSPSNNITGFWDILDTILKNFLEPLKKGLKKARKEVEDRIARLRERIANRALSSVDPPGPVIPDMTPEDQLKVLEDSLNDLELIQFVLDRVLELIAKR,0.5652,0.5070,0.4542,0.3993,0.7103
GLMN_T0.2_s4,Batch1,GLMN,247,0.8587492227554321,0.6888782501220703,8.813401222229004,2.0024842596054078,0.6966,0.7738,0.8768897891044617,0.78,True,LEELKEELLKEEDGSIPASKLDEPEYIELPLKLCDIITKNPDLELRKKALELLKLYFRKLDPEGRYKLMKHLLKNSNDSGIRAFIINLIRDEVKKALSSDGSITEFLGDKFVELLELVFKLPEGENTNLDANREYILAALNLLIYLVISDSEEKNLTGFWDILDKIKKNFLEPLKKAIEKAKAEVQKRIAETRAQYLGRLISKVRKPGSLIPDLSLEDQLKVLEQSLNDLELIEHVLNEVEELIKKR,0.5796,0.5269,0.4422,0.3856,0.7101
GLMN_T0.3_s10,Batch1,GLMN,247,0.8520536899566651,0.7163902640342712,9.241129875183105,2.0878882336616513,0.682,0.7842,0.8814688563346863,1.496,True,LEALRALLEAIPPGSIPASLLDLPLFRELPLRLVDIITKSPDLAERKAALELLELYVERLDPEGRLRLFKELLLTSNHSGVKAWVIQQIRKEVQRALKQSASIKEFLGERFQELLKLVFSLPEGENTNLNRWSEWIRAALNLLLYLVTSDSKEENKTGFWDVLEDIKKNFLVPLKKAIAKSRATVEERLAITRERAAGAARSREAKPGPLIPDMSLENQIAVLEASLTELDLIEHVLELVEEAIEKQ,0.5606,0.5006,0.4248,0.3601,0.7093
GLMN_T0.2_s9,Batch1,GLMN,247,0.8643759608268737,0.6936997771263123,9.290077209472656,1.9033141255378723,0.6778,0.779,0.8851526021957398,0.93,True,LEALRELLEKLPPGSIPASLLELPEWRELPLELVKIITESPDLELRRAALELLDLYLSRLDPEGQLLLLKHLLQTSNDSGVRAHLIRECTKLIKEALSQPGTITEFVGENLVELLKLIFTLPEGENTNLNLWREHILAALNLLIYLVTSDSKEKDITGFWSILPEIIENFLRPLEKALAKARAEVQARLATLQSRIAGRAASPTDAPGSTIPNVTPEQQLEILQQALNDLDLIQFVLDEVLELIEKK,0.5655,0.5068,0.4337,0.3744,0.7086
GLMN_T0.2_s1,Batch1,GLMN,247,0.8590238213539123,0.7241069555282593,9.94139289855957,1.9335600590705873,0.654,0.7916,0.8885273337364197,1.056,True,LEELREELLKQEPRSIPASLLEKPEYRELPLELVDIIVNSPDLEERKAALELLDLYLDRLDPEGQYLLLKYLLENSNHSGVRAFVVRRITELVSEALAGPGTDTYFLGDNFVELLKLVFKLPKGSDTNLDANREYILAALNLLLYLIISDDEESNKTGFWDILDEILKNFLEPLKEAIAKARAEVESRIATLQAQIASKSLSSAAAPGSRIPNLSPEDQLKVLQDSLNDLDLIEFVLDQVLEAIKER,0.5424,0.4931,0.4188,0.3731,0.7077
RFD_172_best,Batch2,RFdiffusion,95,0.7824955781300863,0.8306909203529358,9.77551555633545,3.5090180516242984,0.6632,0.8066,0.861096978187561,,,DEIEKLKKKIKELEEKIKELEEKIENIKYNLEVIVESNIERLREEGFPEELCEARRARAKELADELIEKYKKEKEKAEKEAKELKEKLEKLKKEK,0.5225,0.4609,0.3032,0.2159,0.7060
GLMN_T0.2_s16,Batch1,GLMN,247,0.8579501152038574,0.676148521900177,8.78316593170166,1.9546052181720732,0.6939,0.767,0.9008197903633117,0.644,True,LDELRELLLKIPPRSLPASLLDLPVFRQIPLALVDIITKSPDLEERRAALELLDLYFSRLDPEGQLKLSRYLLENSNDSGVQAHIINQIRDLIAEALAQDGTIQEFLGEKLVELLKLVFKLPEGANTNLIANREHILAALNLLRYLVTADSPEDNKTGFWTILDEIKKNFLEPLKAGIAKARATINARIAQLKADIAGKSLSSTAAPGPEIPNVTPEDQLKILQDALNDLDLIAFVLDDVLELIAKR,0.5725,0.5087,0.4330,0.3707,0.7035
GLMN_T0.2_s13,Batch1,GLMN,247,0.8598105311393738,0.6947942733764648,9.574163436889648,1.9229751670360564,0.6629,0.7773,0.8868799924850463,1.194,True,LEELRAELEAIADGSLPAELLLLPEYRELPLRLVDIITKNPDLETRRAALALLDLYFRKLDPEGQYLLMKYLLENANDSGVRAHIINRIREQVAAALAGPGLDKYFLGENLQELLKLVFKLPEGENTNLDKWREYILAALNLLRYLILADSPEENRTGFWTNLDEILENFLKPLEAALKKARAEVEKRIAELEAQRAARALSATAAPGPRIPGMSLEDQLRVLRDSLTDLDLLEFVLNEVLELIEKR,0.5522,0.4977,0.4262,0.3727,0.7026
GLMN_T0.3_s9,Batch1,GLMN,247,0.8622254252433776,0.718971061706543,10.488581657409668,1.9139171504974364,0.6279,0.7906,0.8890240430831909,1.395,True,LEKLREFLLKLPDNSLPASLLELPIFRELPLRLVDIITKSPDLEVRKAALELLDLYIRRLDPEGKYLLYKYLLETSNDSGVKAHIIRRITKEVERALKQDGSITEFLGEKLVDLLKLVFYLPKGADTNLDRWREAILAALNLLLYLVIADSPEENKTGFWNILDEILKNFLEPLKKAIEKARAEVESRISALKARRLNKLVSPEDPPGSVIPGLTMEDQLAVLQQSLNDLDLIEFVLDEVLEEIEKR,0.5278,0.4765,0.4107,0.3634,0.7022
RFD_131_best,Batch2,RFdiffusion,81,0.7868478298187256,0.829781154791514,10.820770263671875,3.33075479666392,0.6153,0.8083,0.889939030011495,,,PDPELAAQAAELKAKAEELKKQALEKRKKALELRVQAMRSKDKEEKEKLLAEAEKLEKEAEELEKQANAYLNKAAELEAAQ,0.5064,0.4617,0.3292,0.2537,0.7016
RFD_110_best,Batch2,RFdiffusion,72,0.7516395350297292,0.7273362676302592,7.788975238800049,5.02790299654007,0.7137,0.7395,0.885574996471405,,,LLDEFLQAHAERLAELEAAEAATKAAAAALAAAGGDPAAVAALRAEAERLARLTEQERKRYDLLAKLAEEQR,0.6289,0.5965,0.5556,0.5090,0.7014
GLMN_T0.3_s2,Batch1,GLMN,247,0.8557449460029602,0.7092459201812744,9.921182632446289,2.0134159505367277,0.6492,0.7825,0.8892474889755249,0.799,True,LEELRKILEAIPDGSLPASLLELPIFRSLPLSLVEIITKNPDLEKRKAALKLLDLYYDRLDPEGRYRLYKYLLSTANDSGVKAHIIQRIRDDIKEALAGDGTVTEFLGENLVDLLKLVFTLPDGENTNLQRNREYILAALNLLIYLTISDSPEANKTGFWSILDEIKKNFLEPLKKGIELSRKKIEERIARLELQLALQKVSKTAPPGPRIPNLTPEDQLKVLKDALNDLDLIAFVLDTVLELISKR,0.5403,0.4852,0.4144,0.3577,0.7014
GLMN_T0.1_s12,Batch1,GLMN,247,0.8647316694259644,0.6835455894470215,10.006547927856445,1.8540376436710357,0.641,0.7741,0.890794575214386,1.011,True,LEELRALLEAIPDGSLPASLLDLPFYRELPLRLVDIIVNSPDLEERRAALELLDLYFRKLDPEGQYLLAKHLLEHSNHSGVRAHVIRRIRDRIAEALAGDGTVTEFLGAKLVDLLDLVFKLPEGANTNLDANREAILAALNLLIYLVIADSPEENKTGFWSILDKVIENFLKPLQEALAKARAEVEARIATLRAQKAGRALSPEAAPGPVIPDMSLDDQLKVLEDSLNDLDLLEFVLNQVLELIKKR,0.5489,0.4939,0.4407,0.3842,0.6998
GLMN_T0.3_s1,Batch1,GLMN,247,0.8511122107505799,0.7247998595237732,10.48481273651123,1.9367569553852082,0.6254,0.788,0.8979858517646789,0.995,True,LDELRALLEKIPEGSLPASLLELEDMVKLPLELVDIIVKNPNLEERKAALELLDLYLKRLDPEGRYLLFKHLLANSNDSGVEAHIIRRIRDEVREALKGPGNVTEFLGAKLQELLELVFKLPEGANTNLDAWADRILAALNLLLFLVIRDSPEKNLTGFWTILPRVMENFLNPLKEALAKATAEVNARIATLQAQAAAAALSPTAAPGSTIPGVTAADQIKILQESLNTLDLLQFVLDQVLEEIEKR,0.5266,0.4764,0.4037,0.3564,0.6996
GLMN_T0.3_s14,Batch1,GLMN,247,0.8544739007949829,0.6844141364097596,9.355225563049316,2.019995514154434,0.668,0.7694,0.8784955739974976,1.094,True,LEEIEKALNKLPDGSIPASLLELPEYRELPLNLCTIITKSPDLEERKRALKLLDLYFKKLDPEGQYLLITYLLKHSNHSGIRAHLIRRITKLVYEALAGPGDVQEFLGEKFVALLKLVLKLPKGADTNLDLWREHILAALNLLLFLITRDSPERNVTGLWDILETIEKEFLLPLKEALTKARAEVTARIAKLEERIAARATSSKDKPGAVIPNLTPEDQLRVLQDALIDLDLIEFILEQVLEAIQKR,0.5569,0.5004,0.4174,0.3574,0.6993
GLMN_T0.1_s8,Batch1,GLMN,247,0.8507767796516419,0.6749947905540467,9.503061294555664,2.021559989452362,0.6567,0.7629,0.8834031343460083,0.926,True,LEELREKLLKLPPGSIPASLLDLPEYREIPLRLVEIITKSPDLEERRAALELLDLYFDRLDPEGQYKLIKYLLENANDSGVRAHVIRRIRDLVAEALAKDGSEKEFLGENFVELLKLVFKLPKGADTNLDANREHILAALNLLRYLVLSDSPEKNLTGFWSILEEIEENFLKPLKEALKKSREEVEKRIAELEAQKKGRKLSKKAKPGSRIPNMTLDDQLKVLKDSLTDLDLIEFVLEEVLELIKKR,0.5505,0.4940,0.4087,0.3534,0.6929
GLMN_T0.2_s2,Batch1,GLMN,247,0.8534648180007934,0.6648479700088501,9.574944496154785,2.0275819158554076,0.6513,0.7592,0.8899883151054382,1.4,True,LEALRAALLAIPEGSLPASLLEKPIYKEIPLALVDIIVNSPDLAERRAALELLDLYYSRLDPEGRYLLAKYLLKNSNDSGVEAHIINRIREEIAKALAGPGDVTEFLGKNFQELLELVFKLPNGENTNLDENREHILAALNLLLFLVTSDSPEKNKTGFWTILPKIKKEFLDPLKKALEKARAEVEARIAALREQKASLALSPERKPGPVIPDVSLDDALKILEDSLNDLDLIDFVLNQVLEAIAKR,0.5446,0.4912,0.4077,0.3596,0.6888
RFD_89_best,Batch2,RFdiffusion,95,0.8050447702407837,0.6455866495768229,7.964302062988281,3.0379961311817163,0.7023,0.7253,0.6027266581853231,,,SEELEKLAKELEERLAKNAQERAAELEEFEAIAAEVRAEEAAEVAARLAEIAALAAEDAAAAAAAARELEEALRARALARMEERRKALEALRELL,0.6087,0.5679,0.4316,0.3657,0.6885
RFD_47_best,Batch2,RFdiffusion,84,0.7339378794034322,0.7798801263173422,8.472485542297363,2.558872417608897,0.6901,0.7569,0.48974507053693134,,,AALAALAAAAAAAAAAAARAAALAAEVAAIRDENLAELEEERERREEQEEEEEEEEEEEEEELEEEEEELEEEEEAEEEEEEER,0.5625,0.5258,0.3340,0.2846,0.6877
GLMN_T0.3_s16,Batch1,GLMN,247,0.8606737971305847,0.6118553638458252,8.744943618774414,1.8994812119007112,0.6775,0.7363,0.8892666220664978,1.058,True,LEELREELEKIPDRSLPAEKLLQPEYIKIPLELVKLITYSPDIEVRKEALELLDLYYDRLDPEGRYLLMKHLLKNSDDSGIRAHVVRRIRDEIAEALKQEGKITEFVGEKLVELLKLVLKLPEGEETNLIANSEFILAALNLLIFLVTADSKEKDVTGFWSILKEILENFLEPLKKALKKSRATITARIDTLRARMAGAALSPEAAPGTVIPNLTPADQLAVLEDGLIVLDRIEFVLNKVLELIEQQ,0.5761,0.5239,0.4409,0.3880,0.6864
RFD_33_best,Batch2,RFdiffusion,79,0.7789461016654968,0.7209838032722473,8.587491035461426,3.844585839907328,0.685,0.75,0.8900726636250814,,,AAAEAARALLEAARAALEAERAEVEAEAAALRAEAAALKPTTPEQAARVAALEAEVEKLESRAEALRLRIAHLDELIAA,0.5615,0.5197,0.3433,0.2899,0.6855
RFD_185_best,Batch2,RFdiffusion,71,0.7442414363225301,0.8008288741111755,9.471904754638672,3.6387663086255393,0.6533,0.7725,0.7776036858558655,,,SERRRELEERVRELRREIEEIRRRENGSPEAQERVARLEAELRGLEEERERAERAEAVARARALRAALAAA,0.5257,0.4860,0.2891,0.2213,0.6847
RFD_132_best,Batch2,RFdiffusion,92,0.7913462519645691,0.7435885071754456,9.891353607177734,3.608791955312093,0.6351,0.7675,0.7711905241012573,,,SALAALQRRIAVRKAHAAARRAALEEQEARDRAAVEAECAAIRAADGSAAALARCAALRAAAEAAHAARRAELERELAELEAEIAAEEAKFA,0.5271,0.4944,0.3135,0.2634,0.6845
GLMN_T0.2_s11,Batch1,GLMN,247,0.8460993885993957,0.6951534986495972,10.793146133422852,2.013590307235718,0.5999,0.7706,0.8779497027397156,1.491,True,LEALREALAAIPDGSLPASLLDLPLYRELPLQLVDIITNSPDLAERKAALDLLGLYFRRLDPEGRYLLIKYLLENSNDSGVRAWVINEIRDLVLEALKKSGEDTYFVGEKLQELLELVLRLPNGENTNLDKWREYILASLNLLIFLVTSDSKEKNITGFWDRLEDIEKNFLEPLKKGIAKARATVEARIAQLQAQKANAALSATAAPGATIPNLTADDQLKVLQDSLNDLDLIQFVLDRVLELIKKQ,0.5130,0.4655,0.3865,0.3487,0.6842
RFD_26_best,Batch2,RFdiffusion,75,0.743502696355184,0.7585424383481344,8.66205883026123,3.5728492081165317,0.6786,0.751,,,,DAALAAARLALRLAELARRLAALAARAATAAAMAAAGPAEAAALAAAAAAAEAARRALAAAEAAARQAELNALME,0.5547,0.5154,0.2880,0.2396,0.6819
RFD_20_best,Batch2,RFdiffusion,77,0.7935941020647684,0.713135818640391,9.538236618041992,3.0541617751121524,0.6436,0.7534,0.8093738555908203,,,ALAEAAAAAAAAAAAAAAAAEALAAQRLARKREQAAELKARAAELAAAGDEEAAAKYEAAAKALEAEVAEEEARRAA,0.5395,0.5322,0.3309,0.3130,0.6805
RFD_45_best,Batch2,RFdiffusion,68,0.7655222415924072,0.7775288025538126,10.73271656036377,3.8686276038487755,0.5952,0.7715,,,,AALAAALAALLEACRAEAEAYRERLLAVLSARTSPEDAERAERYAEAEAERLFRQLTAQRLEELAAAA,0.4929,0.4599,0.2594,0.2252,0.6737
RFD_7_best,Batch2,RFdiffusion,80,0.7803077697753906,0.6762068470319113,8.415753364562988,3.631798595190048,0.6802,0.7283,,,,SAAREAERAARLEALIAEKAAEIAAADPENAAALTAEVAAAARATLAAEEEREATGVEEERARLEAAERAAEEERRLREL,0.5646,0.5423,0.3368,0.3136,0.6736
RFD_58_best,Batch2,RFdiffusion,84,0.7579442461331686,0.753741999467214,9.377873420715332,4.797921216487885,0.6491,0.7558,0.7311691045761108,,,GNEELKELEETIEEIKELFELALEREKARLKEIAEAAAAADPENAAEVRAKYEANLKAREERREKHMEELFEEMEEILEEKREK,0.5198,0.4822,0.3139,0.2837,0.6733
RFD_163_best,Batch2,RFdiffusion,70,0.7332520683606466,0.8130043943723043,11.652827262878418,2.111890608072281,0.5495,0.7731,,,,MEEEEEEEEEEEEEEEEEEEEEEEEEELEEELEELHEEILEESLETLSRLLALLLLLLLALLLALLLLLL,0.4926,0.4769,0.3194,0.3019,0.6729
RFD_120_best,Batch2,RFdiffusion,75,0.7735660274823507,0.6906212170918783,8.99433708190918,3.8819918870925907,0.6545,0.7321,0.7515382369359335,,,SLAALLAAAAAAAALAAAAAKVAALRAEIEAARAAAAAICAALVAAGVAPAHECRKAAREYLTTVVVAGARAALA,0.5514,0.5253,0.2810,0.2565,0.6709
CUL1_WHB_T0.2_s16,Batch1,CUL1_WHB,72,0.760988962650299,0.7306822180747986,8.816944122314453,4.639579870700836,0.6699,0.7458,0.9464463949203491,6.075,True,GLKEFRIRGTIVKIMKEKKVLKYDELKKLVKERLKDEFVPEDDLIDRCIAILIERKYLAIVPGDPNTYEYLP,0.5213,0.4683,0.2725,0.2193,0.6680
RFD_5_best,Batch2,RFdiffusion,91,0.769777516523997,0.6335596044858297,8.241249084472656,2.298078934351603,0.6715,0.7017,0.5568510293960571,,,ELPIEEEFDERVEEFLEEREEEEEEEEALARELAAAAAALAAAAEALAALAASPELAAAARALAAALAAAAAAAAAAAAAALAALLAALAA,0.5835,0.5627,0.3852,0.3665,0.6637
CUL1_WHB_T0.1_s8,Batch1,CUL1_WHB,72,0.7592929720878601,0.7359642267227173,9.564512252807617,4.1331664347648625,0.6355,0.7476,0.9433990716934204,5.67,True,DLKLFRIKGAIVRIMREKKVLKLDELIALVKEELASEFIPEDEDILRAIALLEERGYLRRVPGDPNTYEYLP,0.5031,0.4475,0.2573,0.2041,0.6626
RFD_46_best,Batch2,RFdiffusion,74,0.7488239804903666,0.7724131345748901,10.993924140930176,4.674344480037689,0.5747,0.7606,0.884421149889628,,,SSKELIRQRLEELKEEREELLRRAKEELAGAIEAARAAGDEERARRLEEERELALNRVLQLERLIEIVEEFLES,0.4780,0.4396,0.3244,0.2866,0.6611
RFD_90_best,Batch2,RFdiffusion,85,0.7948278188705444,0.6417538523674011,8.71684455871582,3.2998914758364357,0.6615,0.7183,0.589472234249115,,,ALAEALAAAAAAAAAAAAAAAAAALAALAEAAKAALEARIQRMLELWKAKHEDPEKAEEELEEMIEELIEARRAAGAALALLLAL,0.5376,0.5130,0.3053,0.2905,0.6589
RFD_32_best,Batch2,RFdiffusion,65,0.7282945315043131,0.822913646697998,11.483065605163574,4.950957898298899,0.5585,0.7756,0.8654394149780273,,,MEEEKEREEKIKELEEEAKRLEEQIKELEEEEKKKGKLPGDKRRHLKVLEDWLKEVKEKIEELKK,0.4448,0.4085,0.2590,0.2127,0.6575
CUL1_WHB_T0.1_s4,Batch1,CUL1_WHB,72,0.7483691334724426,0.6904797196388245,8.901443481445312,4.714215989112854,0.6488,0.7194,0.939265763759613,5.304,True,DLKLFLISGTIVKIMREKKVLKRDELIALVKEALADKFTPADEDIERAIAVLIDRGYLRVVEGDPDTYEYLP,0.5365,0.4928,0.3292,0.2858,0.6568
RFD_2_best,Batch2,RFdiffusion,89,0.727606197198232,0.7496137221654257,9.253769874572754,4.737839857737224,0.6416,0.7386,0.8541254003842672,,,MLEKFLEALELEADPSKKEEAKALFEKYEAKRFKKELEEIKKLPEEEREKKISQLIKEVKQIKNMSPLMGEIAEKLLEESLKEIEEEKK,0.5062,0.4593,0.2361,0.1951,0.6567
RFD_133_best,Batch2,RFdiffusion,93,0.7551222046216329,0.7002294858296713,9.213104248046875,3.8555823842684425,0.6397,0.7277,,,,VSNNLYLIGEIFEKIYKEESEKREKEKKEYEEILKKAEKGEDKESKEEAEKKLEELKEEEKILESIKERVERRQEALEKERKELLEKLLELLK,0.5168,0.4727,0.2529,0.2015,0.6552
RFD_21_best,Batch2,RFdiffusion,92,0.7364410956700643,0.6813218792279562,8.943562507629395,4.260376838843028,0.6393,0.7089,0.6202598810195923,,,SEELAKARALFDERLKALRALRAAAVRAAADAAAAAELAALAASGAPDAAARVAAARAEAEAAAAAAAAALAARLAEEEARARELWEEMLAG,0.5464,0.5139,0.3699,0.3341,0.6534
RFD_19_best,Batch2,RFdiffusion,70,0.7505700389544169,0.6044761935869852,7.3317179679870605,3.2490464985370635,0.6981,0.6775,,,,AAAEAAARAAAAAAAAAAAAAAAAAAAAAAAAALAAYLAAHAEELAAREAEIKKEREELELAERLKKLLE,0.5884,0.5628,0.3121,0.2633,0.6500
CUL1_WHB_T0.3_s11,Batch1,CUL1_WHB,72,0.7273331165313721,0.7037729859352112,8.85108470916748,4.988668692111969,0.6467,0.7156,0.943572199344635,5.625,True,GMKRFLIRGSIVKIMRKEKILKREELKKLVKEQLKHIFTPADDLIDEEIAVLIERGYLEVVEGDPDTYRYLP,0.5156,0.4766,0.2544,0.2230,0.6462
RFD_12_best,Batch2,RFdiffusion,65,0.7345880270004272,0.6963104009628296,10.314417839050293,3.5054923792680106,0.5783,0.7154,0.5054597655932108,,,AAALAALAAAAAAAAAAALAARYGALGAIEIRRENEKKAEEEAKEEEEEEEEEEEEEEELEEELK,0.5136,0.5053,0.3078,0.2971,0.6458
RFD_28_best,Batch2,RFdiffusion,82,0.7233517169952393,0.732663611570994,9.72618579864502,5.787226355075835,0.6125,0.728,0.7932781179745992,,,ISEEEKKKLKEELEKEEEKIKEEVSKYLEESLEEIKELERLALKDPSYEEELEKKREEIIEYLKKKEEEIEKKKKELEEKLK,0.4936,0.4582,0.2503,0.2147,0.6457
RFD_178_best,Batch2,RFdiffusion,67,0.711958110332489,0.788210411866506,11.70563793182373,3.6696186780929563,0.531,0.7501,,,,MVSEEELKKLEEEKKKEEEKEKERKKEEEELEKLREELEKEKEKKLEELKKKLEELKKKLEEEKKKK,0.4492,0.4185,0.2111,0.1689,0.6429
RFD_78_best,Batch2,RFdiffusion,77,0.7510579824447632,0.6308628519376119,8.598891258239746,2.9000541687011716,0.6463,0.691,0.6395662228266398,,,MEELLAKLARLLAAKEEVERRNAERAERAAAEAAALAALAAAALAAAAAAAAALAAAAAAAAAAAAAAAARAAAEAA,0.5434,0.5136,0.3100,0.2757,0.6423
RFD_165_best,Batch2,RFdiffusion,77,0.7290712594985962,0.7209692597389221,11.57922649383545,2.350209089120229,0.5237,0.725,0.44001467029253644,,,MLSPTSLCSRKVAAIVAAVLALVAAGLAAGLPLWAVYLALLVAAVVFSAVSLALCAVVCGAREEEILAFNEEQLAAL,0.4710,0.4624,0.2600,0.2282,0.6363
RFD_190_best,Batch2,RFdiffusion,76,0.7311068574587504,0.6338692108790079,8.716652870178223,4.136814117431641,0.6336,0.6825,,,,EELERREEEEIAELRALADALAAEAAAAGEGPSARTALVEALYRHIAARRESREERAEVREAQAEMEKLRAEVLAK,0.5397,0.5103,0.3289,0.2677,0.6349
RFD_39_best,Batch2,RFdiffusion,75,0.7299530506134033,0.7624139189720154,11.91257381439209,5.504987863699596,0.5207,0.7462,0.7999233404795328,,,SAAAAAAAARAARARAAAALLREGEATGDEAAREATLAELAALGPELLAATLAIVEAEKRREEEAEELREEMEEA,0.4298,0.4052,0.1757,0.1604,0.6346
RFD_181_best,Batch2,RFdiffusion,91,0.711193323135376,0.7494328816731771,10.589003562927246,4.54174788792928,0.5719,0.7303,0.7310929099718729,,,SAARAAEERALLAALEAAVAELLATGSLAALHEARRLAREFELMDSPDPELRARAAAVRERIAPLVAALEERRKREREEREREELLRRLLG,0.4563,0.4199,0.0946,0.0833,0.6335
CUL1_WHB_T0.2_s3,Batch1,CUL1_WHB,72,0.7009738802909851,0.7075981736183167,9.43298625946045,5.786966836452484,0.6099,0.7043,0.9427541732788086,5.024,True,GLRRFRIRGAIVKIMREKKRIKRDELVAEVKKALASEFKPADSDIDREIAVLEDRGYLRVVPGNPDEYEYLP,0.4896,0.4446,0.2211,0.1658,0.6290
RFD_35_best,Batch2,RFdiffusion,67,0.7178085048993429,0.7549910346666971,11.830426216125488,5.612312340736389,0.5175,0.7364,0.7499014139175415,,,AAARAAELAALQARIAELEAELAALRAELEKAEEKSKATGKKIGELEVRLARAEAELRALRIRVERL,0.4189,0.4103,0.1541,0.1433,0.6243
RFD_77_best,Batch2,RFdiffusion,66,0.732200543085734,0.5860310594240824,8.99767780303955,4.92226027448972,0.6064,0.6591,,,,SAAAAAEAAKLAAIEALGLELAERNRAQEELLAAHPEAAAAAAAAALAAALAAALAALLAAALEAL,0.5404,0.5225,0.3997,0.3749,0.6212
CUL1_WHB_T0.1_s7,Batch1,CUL1_WHB,72,0.7105338454246521,0.7364866852760314,11.201924324035645,5.402431092262268,0.5387,0.7235,0.9407405614852905,5.854,True,GLRRFRIRGAIVKIMREKKVIKREELIELVKEELKSEFIPEESEILREIAVLEERGYIRIVEGDPNTYEYIP,0.4301,0.3807,0.1133,0.0675,0.6202
RFD_29_best,Batch2,RFdiffusion,95,0.7005110383033752,0.6965977350870768,9.817811012268066,4.530542353789012,0.5882,0.6986,0.7826640009880066,,,PDASWEEIWAKLEELHAKMLEYRKLAQEYKKKAEELKKKIEELGEAPEELKKEAEELEKKAEEAKAKAEEYREKALELVRFRQKGREEGLKLLEE,0.4627,0.4122,0.1692,0.1199,0.6161
RFD_108_best,Batch2,RFdiffusion,85,0.7254435221354166,0.6377399365107218,10.450438499450684,3.918615452448527,0.5506,0.6816,0.5828532576560974,,,PTAAELAAAAEEIAAARALAERELRARRARRRAAEPDVDPEDAAAAETLAADRAAALAAAAAAAAAAAALAAAAAALAAAAAALA,0.4840,0.4725,0.2655,0.2427,0.6146
CUL1_WHB_T0.1_s6,Batch1,CUL1_WHB,72,0.7244853138923645,0.6851851224899292,10.870562553405762,4.819591963291169,0.5446,0.7048,0.9416575193405151,4.963,True,DEKLFLIRGAIVKIMRKKKVIKKEELIKLVKEELKDKFNPPDELIERAIAILIDRGYLRIVPGDPNTYEYIP,0.4439,0.3839,0.1443,0.1043,0.6145
RFD_146_best,Batch2,RFdiffusion,66,0.7101763685544332,0.6312809785207113,10.085095405578613,3.521362026532491,0.5598,0.6707,0.6789290110270182,,,GAALAAAAAAAAAAAAAAAAARAAAAAAAAAAALAAAAAAALAAERAAALAAVREALEAERERLAR,0.4916,0.4723,0.2476,0.2297,0.6100
