seq_id,batch,scaffold,length,avg_iptm,avg_iplddt,avg_cplddt,mono_ptm,ring_rmsd,novelty_pass,sequence
RFD_160_best,Batch2,RFdiffusion,69,0.9097074270248413,0.8472626209259033,0.8108842372894287,,,,LLTPEQLKSGQLMQNRLKALEEYAAELRAEAAERKAAAGPETQARYERLVALVDERLAEAKEEAKLGLA
RFD_56_best,Batch2,RFdiffusion,88,0.87898188829422,0.8420534729957581,0.8057673573493958,0.8710641662279764,,,GRYAGLPEEERRALLRAELERRREEAERRAAEHRARAEELEAALAAATGISPEERAAILAEIELERARAELYEEAARRIEEQIRKLEE
RFD_38_best,Batch2,RFdiffusion,94,0.8698364694913229,0.8160160779953003,0.7964322964350382,0.8402766386667887,,,YEERKKEIEERRKKILEEREKLLKKYEEEKKKREKELEEAKKKLSPEEYKKFKEEEEKKWKEEEEELEKKLRELDLELLKLDAEERRLELELAK
GLMN_T0.3_s7,Batch1,GLMN,247,0.8767866373062134,0.7772072434425354,0.7983974814414978,0.8897066116333008,0.68,True,LEALRAALEAIPAGSLPASLLELPVYRELPLALVKIITESPDLAERKAAVDLLLLYFDRLDPEGQYLLFTHLLRHSNNSGVRALIIDRIRDRIAEALRGPGTVTEFLGENLQKLLELVLSLPNGEDTNLLEYEEHILAALNLLKYLVVSDSPEENKTGFWDRLSEILENFLIPLKKAIAKSRAQLKERIARLKQQAESRALSDTPAPGPVIPDLSIADQLAVLEDGLIKLERIEFVLNEVLELIESR
RFD_37_best,Batch2,RFdiffusion,77,0.8589104811350504,0.7921872735023499,0.7746692697207133,0.8985588550567627,,,SSSRLRMEMISEIYELSVEYKKYKKNSEKEENKKKALEAKKKMAQLKLELAKLEGDEEAAKKYEEELKKIEEEIKKL
GLMN_T0.1_s13,Batch1,GLMN,247,0.8784431695938111,0.7525698423385621,0.8043040871620178,0.8884853243827819,1.022,True,LEELRKKLEELPDGSIPASLLELPEYRELPLELVDIITKSPDLEERKAALELLDLYFKRLDPEGQYLLCKYLLKNANDSGVKAHIINRIRDLVAEALKGDGTITEFLGEKLVELLKLVFKLPKGKDTNLLKWREHILAALNLLRYLVIADSKEKDLTGFWSILEEILKNFLEPLKEAIKKSTAELNARIATLEAQIAGAALSPTRAPGSVIPNLTPEDQLKVLRDGLNDLDLIQFVLDEVLELIKKR
GLMN_T0.1_s3,Batch1,GLMN,247,0.8730069518089294,0.7577130556106567,0.795317268371582,0.8817369818687439,1.06,True,LEELREELEKEPDGSIPASKLEEPEYREIPLRLVDIITKSPDLEERKAALELLDLYFKKLDPEGQYLLMKYLLENSNDSGVKAHIIRRIRERVAEALAGDGTVTEFLGEKLVELLKLVFSLPKGADTNLDANREHILAALNLLIYLVTADSPEENKTGFWSILKEIEENFLKPLRKALAKARATVEARIATLRAQIANAALSPEAAPGPVIPGLTPADQLAVLEDALNDLDLLEFVLNRVLELIEKR
RFD_34_best,Batch2,RFdiffusion,78,0.8684269189834595,0.7589676976203918,0.7514307101567587,,,,MSELLKIRRARLAEEEARIAAELAALEAAGAPPEERAAHLAALKAEREAWELELNKELAELLKELEEKKKKEEELKKK
GLMN_T0.1_s4,Batch1,GLMN,247,0.8859290599822998,0.7388937830924988,0.7972090363502502,0.8906808495521545,1.113,True,LEELRALLEKIPDGSLPASLLELPIYREIPLELVDIITKSPDLEVRRAALELLDLYISRLDPEGQYLLFKYLLENSNDSGVKAHIINQIRKRVAEALSQPGEITEFLGEKFVELMKLVFSLPEGENTNLHQNREHILAALNLLLYLVLSDSPEENKTGFWSILDDILKNFLEPLKKAIAKAKAEINARIAALKARIAGKKTSKTAAPGPVIPNVTPEEQLKILEDGLTDLDLIEFVLNQVLEEIKKR
GLMN_T0.2_s5,Batch1,GLMN,247,0.8793705224990844,0.7436022996902466,0.7746041059494019,0.8911003708839417,0.892,True,LEEIEAALLAIPAGSIPASLLDLPEYRDLPLELCKIITENPDLEERKRALRLLDLYFDRLDPEGQYLLAKYLLENSNDSGIKAHIVNRIRDRISEALKQDGSITEFLGDNFVELLKLVFKLPKGSDTNLIKNREFILAALNLLIYLVISDSKEKNLTGFWSILKKIIDEFLKPLKEGIKKSRAELEKRIEILERQKANRSLSKEFEPGSRIPDVSLDDDLKILKQGLNDLDLIEFVLNEVLELIEKK
GLMN_T0.3_s8,Batch1,GLMN,247,0.8780853509902954,0.7404421329498291,0.7794665932655335,0.8962413191795349,0.603,True,LQEIRDALAALPDGSIPSSLLDIPFWRELPLNLCDIITQSPDLELRQAALELLDLYFSRLDPEGRYKLIKYLLKTSNNSGIKAHVIRKITEEVKRALSGPGDISEFLGEKLKELLKLVFKLEKGENTNLLANREYILAALNLLLYLVLSDSPEENKTGFWDILEEIKKNFLEPLKKALKKAREELTTRIETLQQQIANQKISPERTPGSTIPNLTPEDQLKVLEAGLNDLDLIEFVLKQVEEAIEER
RFD_131_best,Batch2,RFdiffusion,81,0.7868478298187256,0.829781154791514,0.7993178168932596,0.889939030011495,,,PDPELAAQAAELKAKAEELKKQALEKRKKALELRVQAMRSKDKEEKEKLLAEAEKLEKEAEELEKQANAYLNKAAELEAAQ
GLMN_T0.3_s13,Batch1,GLMN,247,0.8577806711196899,0.7580872654914856,0.788986885547638,0.8911680459976197,0.805,True,LQKLRELLEKYPDGSIPAELLELPIYKEIPLRLVDIIVNNPDLEKRQLALELLDLYFEKLDPEGRYLLIEYLLRHSNNSGVKAHLIRRITKEVARALAGDGSDTYFLGDKLVALLKLVFSLPKGADTNLIANREAILAALNLLQFLITRDSPEENRTGFWDILDEIIENFLKPLQKAIEKAREEVQKRIEILQKQKENQNLSKQRKPGSEIPGMNMEDQLKVLKDALNDLDLIQFVLDSVLALIEKR
RFD_172_best,Batch2,RFdiffusion,95,0.7824955781300863,0.8306909203529358,0.8116176724433899,0.861096978187561,,,DEIEKLKKKIKELEEKIKELEEKIENIKYNLEVIVESNIERLREEGFPEELCEARRARAKELADELIEKYKKEKEKAEKEAKELKEKLEKLKKEK
RFD_152_best,Batch2,RFdiffusion,79,0.8171302278836569,0.795732299486796,0.7954292893409729,0.8420489430427551,,,YEEKIKLYEEQHEKFKEEVRKKVLELTEKYIEENKEKLTPEEIEKLKKEAEENIKAREEKIEKLLKLRKEVLKEEAERE
GLMN_T0.3_s6,Batch1,GLMN,247,0.8613474130630493,0.7480111360549927,0.7897767305374146,0.8900322794914246,1.033,True,LDEIEELLKKIPDGSLPASLLDIPIYRELPLELVEIITNNPDLELRKRALELLELYYDRLDPEGRYLLIKYLLLNANHSGIRAHLIRRIRREISRALLEEGRITEFLGEKLVDLLELVFSLPKGADTNLDLWREHILAALNLLKYLIIRDSKETNLTGFWDILPKIEENFLKPLEEGLKKARAEVEERIKITKEQQENLKLSSTPKPGPLIPNMNLEDQISVLQNALTDLELLEFVLNEVKELIKKR
RFD_52_best,Batch2,RFdiffusion,75,0.8260839978853861,0.7830222050348917,0.7685693303743998,0.899544338385264,,,SEELEKLLKEVKEKLKKLIESQKTKEEKEKAKKKAEEVLKEIEEILEIRELTGNDELAIIRIKRLLEKYEKEYKA
GLMN_T0.1_s16,Batch1,GLMN,247,0.8707590341567993,0.7306420207023621,0.7902946710586548,0.8898970007896423,1.072,True,LEELRAALDAIPAGSLPASLLDLPLYRELPLELVKIITESPDLAERRAALELLDLYFDRLDYEGQYLLAKHLLKTSNDSGVEAWVINRIRDLVKEALSQDGSITEFLGEKLQELLKLVFKLPEGENTNLDRWREHILAALNLLIFLVISDSEEENKTGFWTILEEILKNFLEPLKKAIKKARAEVEKRIAITEERKANLALSKEFKPGPLIPNMSLDDQLAVLRQALTDLDLIEFVLDEVLELIEKR
GLMN_T0.1_s9,Batch1,GLMN,247,0.8754171848297119,0.7243455529212952,0.7877892971038818,0.8865011692047119,1.345,True,LDALRAALEAVPDGSLPASLLDLPAWRELPLALVEIITRSPDLALRRAAVELLELYYRRLDPEGQYKLFRYLLEHSNDSGVRALIIRRIREEIKKALAQDGSITEFLGEKFQELLKLVFKLPKGADTNLDANREHILAALNLLKYLIISDSKEKNKTGFWDILEEIKKNFLEPLKTALAKSRAEVEARIAALRARLAGRALSPEDAPGPRIPGMTPEEQLAVLEDSLNDLDLIEFVLDEVLELIEKQ
GLMN_T0.3_s15,Batch1,GLMN,247,0.8672325611114502,0.729954195022583,0.7821177959442138,0.9026147484779358,0.807,True,LEELERLLKAFPPRSIPASLLDLPLFREFPLSLVDIITKNPDLELRKAALHLLDLYFDRLDPAGQYKLAKYLLENSNDSGVDAHIIRRIRRLVAEALDQPDEIKEFLGDKLVELLELVFKLPNGEDTNLIKNSEKILAALNLLKYLIIRDSKEENKTGFWDILDKIKKNFLTPLRKGLEKAKAQVQARIAQTQARKAGLAASSTFAPGPLIPNMSLDQQLQVLQDALNTLDRIQFVLDNVEELIKER
RFD_195_best,Batch2,RFdiffusion,93,0.8802501559257507,0.716264804204305,0.7153203288714091,0.6752225557963053,,,MSEELEANLAGLETVHDFFDAWLAGNLAEAQALLDEIAKSGSSGVGRAAFTLLRRHRDALAAALAAAKATGTGAQAEALLARFEAVMAAHLAA
GLMN_T0.3_s11,Batch1,GLMN,247,0.8439582347869873,0.7525153040885926,0.7938455104827881,0.8920209527015686,1.106,True,LETLKALLDKIPDGSLPASLLDLPIFRDIPLQLVDIIVNNPDLEERKAALELLDKYIAKLDPEGQYLLFKHLLQTANDSGVRAHVVRRIQENVAKALKQPGNISEFVGENLQKLLKLVFTLPNGPNTNLIANAEWVLASLNLLQFLVTSDSKSKNITGFWDILDEIVENFLKPLREALAKARAEVQAAIAALQARIAGRAASAADAPGPKIPGMTAEEQLAVLQDALTTLDLIEFVLNRVEELIKKQ
GLMN_T0.1_s10,Batch1,GLMN,247,0.8770627975463867,0.7193812370300293,0.7638685703277588,0.872757077217102,1.2,True,LEELREELLKLPKGSIPASLLEKPEYREIPLELVDIITNSPDLELRKAALELLELYFDRLDPEGQYLLLKYLLKNANDSGVRAFCVRRLRDLVAEALAGPGDIKEFLGENFVELLKLVFKLPKGADTNLIQWAEYIRASLNLLRFLVIADSPEENKTGFWDILDEILKNFLEPLKKALAKARAEVEARIAALERDIANRALSAEREPGPEIPNLTPEDQLKVLRDALTTLDLLEFVLERVLELIKKR
GLMN_T0.2_s14,Batch1,GLMN,247,0.8790244698524475,0.7159265637397766,0.7861020565032959,0.8906238675117493,0.915,True,LEELRKELLKIPDGSIPASLLDEPEYREIPLELVEIITKSPDLEKRKEALELLDLYISRLDAEGRYKLFKYLLENANDSGVKAHIINRIRDEVSEALKGKDDIKEFLGENLVELLKLVFKLPEGADTNLSLWREHILAALNLLLYLVISDSKEENKTGFWSILDEIKENFLKPLKEALKKARAEVEKRIAILKAQIANRATSATRAPGATIPNLTPEDQLKVLEDALNDLDLIEFVLEQVEEEIEKR
GLMN_T0.3_s3,Batch1,GLMN,247,0.8636132597923278,0.7308634042739868,0.7988537073135376,0.8819002389907837,0.983,True,LADLAAALAAVPDGSLPASLLEVPVARELPLRLVDIITRSPDLDERRAALALLRAYLARLDPKGRLLLYEHLLSTSNDSGVKAFIINEVREDVLEALNKEDDITEFLGENFQKLMKLIFSLPNGSDTNLDEWREYILAALNLLIYLVISDSKEDNKTGFWNNLDEILKNFLEPLKQGIKKAREEVEKRIKILEEQKSNRSTSSTAKPGKRIPNVSIDDQLKILKDSLNDLDLIEYVLDRVLELIKKR
GLMN_T0.2_s12,Batch1,GLMN,247,0.8543905973434448,0.7376794695854187,0.7860681653022766,0.8832859992980957,0.902,True,LEALRALLEAIPRGSLPAELLELPIWRELPMKLVDIITNSPDLDERRAALELLELYFDRLDPEGRYLLAKYILKNANNSGIKAFVVNRIRDEVYRALKQDGSITEFVGENFVELMKLVFKLPNGENTNLDANAEYILAALNLLLFLVLSDSPEKNITGFWTILDEIKKNFLEPLKKAIEKATKELNDRIATLTAQKENRAISATEAPGKRIPNVSLDDQLRILNDSLNKLDLIRHVLDEVLEAIEKK
GLMN_T0.1_s11,Batch1,GLMN,247,0.8868655085563659,0.7047497153282165,0.7783278465270996,0.8895276069641114,0.96,True,LEELRAELEAIPDGSLPASLLEEPRYRELPLELVEIITKSPDLEERRAALELLDLYFRRLDPEGQYLLAKYLLKNANDSGVKAHVIRRIRELVAEALKGPGTIKEFLGENLVELLKLVFKLPKGENTNLDKWREWILAALNLLKFLVISDSKEKDKTGFWSILEDILKNFLEPLKKALEKAREEVEKRIEILQEQIANKKISKKAKPGSRIPNLSPEDQLKVLKDSLNDLDLIEFVLDEVLELIKKR
GLMN_T0.2_s8,Batch1,GLMN,247,0.8639581203460693,0.7275835037231445,0.7883163928985596,0.8881555676460267,1.335,True,LEELREELLKIPKGSLPASLLDLPEYIELPLELVKIITESPDLELRRAALELLDLYFDRLDPEGQYKLIKHLLATSNHSGVRAHIIRRIRELIKEALKGPGDIKEFLGENLVELLKLVFKLPKGSETNLDEWREWVLAALNLLKYLVISDSKEKNKTGFWDILDEIKKNFLEPLKKALAKAKAEVETRIAQLQADIANQALSPTAAPGARIPNLTPADQLKVLQASLTDLDLIEFVLDEVLELIEKQ
GLMN_T0.1_s2,Batch1,GLMN,247,0.8766510725021363,0.7142263293266297,0.7593491315841675,0.8893086194992066,1.194,True,LEKLRELLLKFPKGSIPASLLELPIYREIPLKLVDIITKDPDLEKRKAALELLDLYYDRLDPEGRYKLAKYLLENSNDSGVKAHIIRRIRDDIREALAGDGTVTEFLGENLVELLKLVFSLPKGADTNLDANREYILAALNLLRYLVIADSPEENKTGFWDILDEILKNFLEPLKEAIKKARAEVEARIAALRAQIAGKALSKEAAPGPRIPNLTPEDQLKVLEDSLTDLDLIEFVLEEVLELIEKR
GLMN_T0.1_s5,Batch1,GLMN,247,0.864568829536438,0.7261352300643921,0.7770076632499695,0.9145626306533814,0.659,True,LEEIREKLLKIPDGSLPASLLDKPEYIELPLKLVDIITKDPDLEKRKAALELLDLYFKKLDYEGQYKLCKYLLKNANDSGVKAWIINRITELVKEALAGPGEDKYFLGENFVELLKLVFKLPEGENTNLDANREYILAALNLLLFLVISDSEEENKTGFWSILPEIKANFLEPLKTAIKKATAEVNERIAITKARKAGRAISKEDPPGSLIPNLSLDDQLKVLEQSLTDLDLIEFVLNEVEEAIAKR
GLMN_T0.1_s6,Batch1,GLMN,247,0.863908314704895,0.7249617338180542,0.8022602081298829,0.8857724666595459,1.177,True,LEELREELLKIEDGSIPASKLEEPEYINIPLELVKIITESPDLEERKAALELLDLYIKRLDYEGQYKLFKHLLENSNHSGVEAHIIREITKLVKEALKKDGTITEFLGENLVELLKLVFKLPKGEDTNLDQWREHILAALNLLKFLVISDSPEENKTGFWDILDEIKKNFLEPLKKGLKKAREEVEKRIEQLKKRLENRKLSKEDEPGSRIPNVTPEDQLKILEDSLNDLDLLEFVLNEVLELIEKR
RFD_114_best,Batch2,RFdiffusion,85,0.8636165459950765,0.724195679028829,0.7575374841690063,0.7783177892367045,,,VTAAEAAAAAARAAAAAAFREALAAKRAELLAEAAKSAEPELAIIETRRRLAEWGIARRRELGNAPQRSDLVAIDFVELELERRG
GLMN_T0.3_s12,Batch1,GLMN,247,0.8816484451293946,0.7056323885917664,0.7508850455284118,0.8794790506362915,0.91,True,LEALRALLAAVPDGSLPATLLDLPIWRELPLALVKIITESKDLELRRAALELLDLYFSRLDPEGRYLLLKHLLETANDSGVKAHVIRRIRDLVAEALSKDDTDTYFVGEKLQELLELVFKLPKGEDTNLHKWREWILAALNLLLFLIISDSEEKNITGFWTNLKRIEENFLKPLKKAIEKATKEINDRINILQLRIELQSLSRTDPPGSVIPNVSPEDQLKILQDGLNDLELIQFVLDQVLEEIKKK
GLMN_T0.1_s15,Batch1,GLMN,247,0.8806976675987244,0.7051755785942078,0.7597245454788208,0.8946103692054749,1.151,True,LEKLRELLEKIPKGSIPASLLDIPIYRELPLKLVEIITKSPDLEERKAALELLDLYFDRLDSEGRYILAKYLLKNANDSGVEAHIIRRIRDEVAKALAKDGSDTYFLGENFVELLELVFKLPKGEDTNLDKWREHILAALNLLLFLVISDSKEKNKTGFWTILDKILENFLEPLKKAIEKARKEVNERIAILEKRIANAALSSEAEPGPVIPNLTPEDQLKVLKDSLNDLDLIEFVLNEVLEEIEKQ
RFD_122_best,Batch2,RFdiffusion,92,0.8824732104937235,0.7025536497433981,0.7169436613718668,0.7781725525856018,,,AAAAAKAAAAAAAAAAAAAAAALAAIAAQKQAVIKAAVEEKEKLREETKKKIEELLKEGKITKEEAEKLIEEVEEKEIEINKKVVEQLKAYD
GLMN_T0.3_s5,Batch1,GLMN,247,0.8720911741256714,0.7127367854118347,0.777130913734436,0.8925834178924561,0.907,True,LEELAKALAAIPRGSLPASLLELPLYRQLPLELVRIITQNPDLELRRAALELLELYFDRLDPEGRLLLIKHLLKTSNHSGVEAFLIRRITADVREALAGPGDVTEFLGEKLQELLKLVFKLPEGENTNLIRWREHIMAALNMLLYLVIADSPEEDKTGFWKIKEEVEKNFLIPLQKAIEKARAEVTARIAATEARKAGKALSATDAPGPLIPNMTLDEQLKVLNDALNDLDLIEFVLNEVLEEIKKR
GLMN_T0.1_s7,Batch1,GLMN,247,0.8697468280792237,0.7138184189796448,0.7750789880752563,0.8955139994621277,1.038,True,LEELRAELAAIAPGSLPASLLEEPRYRELPLELVKIITESPDLEERRAALELLDLYFDRLDPEGQYLLAKYLLKNSNNSGIEAHVINRIRERVAAALAGPGTDTYFLGEKFQELMKLVFKLPKGADTNLDANREHILAALNLLLFLVISDSPEANKTGFWDILKEIEENFLKPLKEALKKARAEVEARIAELEARIAGRALSSTAAPGPVIPDLTPEDQLKVLRDSLNDLDLIEFVLNEVLEEIKKR
GLMN_T0.2_s1,Batch1,GLMN,247,0.8590238213539123,0.7241069555282593,0.7835044384002685,0.8885273337364197,1.056,True,LEELREELLKQEPRSIPASLLEKPEYRELPLELVDIIVNSPDLEERKAALELLDLYLDRLDPEGQYLLLKYLLENSNHSGVRAFVVRRITELVSEALAGPGTDTYFLGDNFVELLKLVFKLPKGSDTNLDANREYILAALNLLLYLIISDDEESNKTGFWDILDEILKNFLEPLKEAIAKARAEVESRIATLQAQIASKSLSSAAAPGSRIPNLSPEDQLKVLQDSLNDLDLIEFVLDQVLEAIKER
GLMN_T0.2_s10,Batch1,GLMN,247,0.8695606231689453,0.7127458691596985,0.7504229426383973,0.888711440563202,1.453,True,LEELRAVLKKIADGSLPASLLDLPIYREIPLELVDIIVNDPDLEKRKEALELLDLYFRKLDPEGQYLLAKYLLKHSNDSGVRAHIVRRITDAVKEALAGPGTNTYFLGEKLQELLKLIFSLPEGENTNLDAWREYILAALNLLIYLTISDSPEENKTGFWDILDEILENFLEPLKKAIEKARKEVEERIKTLEEQKANLAKSKTASPGPTIPGMTLEDQLKVLKQALNDLDLIQFVLDQVLELIKKR
RFD_97_best,Batch2,RFdiffusion,70,0.8715053796768188,0.7105352282524109,0.7320011456807455,0.8592514594395956,,,LRGLLLRLQSRLDRWRTLLSRTSLSQEQKDAAMERDADEEGAGVARATGDPAAGEAVRAALRALYRALLT
GLMN_T0.3_s9,Batch1,GLMN,247,0.8622254252433776,0.718971061706543,0.744639253616333,0.8890240430831909,1.395,True,LEKLREFLLKLPDNSLPASLLELPIFRELPLRLVDIITKSPDLEVRKAALELLDLYIRRLDPEGKYLLYKYLLETSNDSGVKAHIIRRITKEVERALKQDGSITEFLGEKLVDLLKLVFYLPKGADTNLDRWREAILAALNLLLYLVIADSPEENKTGFWNILDEILKNFLEPLKKAIEKARAEVESRISALKARRLNKLVSPEDPPGSVIPGLTMEDQLAVLQQSLNDLDLIEFVLDEVLEEIEKR
GLMN_T0.2_s7,Batch1,GLMN,247,0.8658280730247497,0.7146888732910156,0.7888545513153076,0.8941197395324707,1.071,True,LEELKKLLLKIPDGSLPASLLDLPFYRELPLELCEIITKSPDLEKRKEALELLDLYFKKLDSEGRYKLFKYLLKTSNHSGIRAHVIRRIRDEVAKALAKPGTDTYFLGEKLVELLKLIFSLPNGADTNLDLWREHILAALNLLLYLVTKDSPEENKTGFWDILEEIKKNFLEPLKEALAKSRAEVEARIAQLNLRIALKSLSPIRPPGSVIPNVTPEEQLKILQQSLTDLDLIEFVLNEVLEAIEKK
GLMN_T0.2_s3,Batch1,GLMN,247,0.869397783279419,0.7073857069015503,0.7548849701881408,0.8890227317810059,1.179,True,LEEIEKFLKLIPDNSLPASLLELPLFRELPLNLVKIITESPNLEERKRALELLDLYFRKLDPEGRYLLAKYLLENSNDSGVKAHIIRRIRDEVARALAQDGDITEFRGENFQELMKLVFKLPKGANTNLLANREAILAALNLLKFLVLADSPERNVTGFWTILEEIKKNFLEPLKEAIKKSRAELEARIAALEEQIANAAISAEAAPGPVIPNMTPEQQLEVLRQGLTDLALIEFVLNEVLELIKER
GLMN_T0.3_s1,Batch1,GLMN,247,0.8511122107505799,0.7247998595237732,0.7760403156280518,0.8979858517646789,0.995,True,LDELRALLEKIPEGSLPASLLELEDMVKLPLELVDIIVKNPNLEERKAALELLDLYLKRLDPEGRYLLFKHLLANSNDSGVEAHIIRRIRDEVREALKGPGNVTEFLGAKLQELLELVFKLPEGANTNLDAWADRILAALNLLLFLVIRDSPEKNLTGFWTILPRVMENFLNPLKEALAKATAEVNARIATLQAQAAAAALSPTAAPGSTIPGVTAADQIKILQESLNTLDLLQFVLDQVLEEIEKR
GLMN_T0.1_s14,Batch1,GLMN,247,0.862514078617096,0.7081094622612,0.7662897825241088,0.8884539604187012,1.078,True,LEALRALLEAFPDGSIPASLLDLPVFIELPLELVDIITKNPDLALRRAALELLDLYFRRLDPEGRYKLAKHLLKTSNDSGVKAHIINLIRDDVREALKQDGSDTYFVGENLVELLKLVFKLPKGEDTNLDKWREYILAALNLLIYLVTSDSKEKNITGFWDILEEIKKNFLEPLKKAIEKATAEVNERIATLKKQIELKEISKEEPPGPRIPNLTPEEQLKVLEDSLTDLDLISFVLDEVEELIKKQ
GLMN_T0.1_s1,Batch1,GLMN,247,0.8712079763412476,0.6980998635292053,0.7533519268035889,0.8951801657676697,1.172,True,LEELRELLEKIPDGSLPASLLDLPIYRELPMKLVDIITKSPDLEERKAALELLDLYYRRLDPEGRYKLIKYLLENSNDSGVRAHLIRRIRDEVARALSRDGSETEFLGENLQELLKLVFKLPKGENTNLDKWREYILAALNLLLYLVISDSKEENKTGFWDILDEILKNFLEPLKKAIAKSRAEVEARIAQLEEQIANKEISKEAKPGPVIPNLTPEDQLKVLRDALNDLDLIEFVLNQVLEEIKKQ
GLMN_T0.3_s10,Batch1,GLMN,247,0.8520536899566651,0.7163902640342712,0.7898648500442504,0.8814688563346863,1.496,True,LEALRALLEAIPPGSIPASLLDLPLFRELPLRLVDIITKSPDLAERKAALELLELYVERLDPEGRLRLFKELLLTSNHSGVKAWVIQQIRKEVQRALKQSASIKEFLGERFQELLKLVFSLPEGENTNLNRWSEWIRAALNLLLYLVTSDSKEENKTGFWDVLEDIKKNFLVPLKKAIAKSRATVEERLAITRERAAGAARSREAKPGPLIPDMSLENQIAVLEASLTELDLIEHVLELVEEAIEKQ
GLMN_T0.3_s4,Batch1,GLMN,247,0.8780821204185486,0.6900515556335449,0.7413665652275085,0.8879842519760132,1.607,True,LEELEKKLLKIPDKSIPASLLDLPEERNIPLNLVKIITESPDIEERQQALKLLDLYFDKLDFEGQYKLASYLLKNSNDSGIKAHVINRIRELVHEALKGDNDVTEFLGDNFVKLMELIFKLPKGENTNLDKWREYILAALNLLLYLIIRDSEENNKTGFWDRLEEIIKNFLEPLKKAIKKAKEEVEKRIAILKEQIEEKKLSKKRKPGKRIPDLSPEDQLRVLEDSLTDLELIEFVLEQVLEEIKKR
GLMN_T0.2_s15,Batch1,GLMN,247,0.8764910697937012,0.6915310859680176,0.7648465514183045,0.8885326981544495,1.838,True,LEELEKKLLEIEDGSIPASLLDLPEYKNIPLELVDIITNSPDLEERKRALKLLDLYFKKLDSEGRYILAKYLLKNSNNSGVEAHIINRIRDEIKEALAGPGDDTEFLGEKFQELMKLVFKLPKGADTNLDANREHILAALNLLRYLVIADSPEKNKTGFWTILDDILKNFLEPLKKGLAKARAEVNDRIARLKEDMANRKRSKKRKPGPRIPNVSLEDQLKILEDALNDLDLIQFVLDSVLELIAKR
GLMN_T0.3_s2,Batch1,GLMN,247,0.8557449460029602,0.7092459201812744,0.7840717554092407,0.8892474889755249,0.799,True,LEELRKILEAIPDGSLPASLLELPIFRSLPLSLVEIITKNPDLEKRKAALKLLDLYYDRLDPEGRYRLYKYLLSTANDSGVKAHIIQRIRDDIKEALAGDGTVTEFLGENLVDLLKLVFTLPDGENTNLQRNREYILAALNLLIYLTISDSPEANKTGFWSILDEIKKNFLEPLKKGIELSRKKIEERIARLELQLALQKVSKTAPPGPRIPNLTPEDQLKVLKDALNDLDLIAFVLDTVLELISKR
GLMN_T0.2_s6,Batch1,GLMN,247,0.8753998041152954,0.6868500113487244,0.7623932242393494,0.8939827919006348,1.8,True,LEEIRKKLLEIPDGSLPASLLDEPEYIELPLNLVKIITESPDLEERKAALEVLDLYFKRLDPEGRYKLIKYLLKNSNDSGVEAWLINRIREEVSEALASSGSITEFVGSKLQELLKLVFKLPDGENTNLDRWREHILAALNLLIFLVTADSPSNNITGFWDILDTILKNFLEPLKKGLKKARKEVEDRIARLRERIANRALSSVDPPGPVIPDMTPEDQLKVLEDSLNDLELIQFVLDRVLELIAKR
RFD_91_best,Batch2,RFdiffusion,69,0.8381648659706116,0.7213809092839559,0.731879731019338,0.68391881386439,,,KSFVDVTLEEVELREESEERLEELEEEAEESEDPEEAEEELEALEEEEEEELEELEERKDEIAEELLAE
GLMN_T0.2_s9,Batch1,GLMN,247,0.8643759608268737,0.6936997771263123,0.7200779676437378,0.8851526021957398,0.93,True,LEALRELLEKLPPGSIPASLLELPEWRELPLELVKIITESPDLELRRAALELLDLYLSRLDPEGQLLLLKHLLQTSNDSGVRAHLIRECTKLIKEALSQPGTITEFVGENLVELLKLIFTLPEGENTNLNLWREHILAALNLLIYLVTSDSKEKDITGFWSILPEIIENFLRPLEKALAKARAEVQARLATLQSRIAGRAASPTDAPGSTIPNVTPEQQLEILQQALNDLDLIQFVLDEVLELIEKK
GLMN_T0.2_s13,Batch1,GLMN,247,0.8598105311393738,0.6947942733764648,0.7506570458412171,0.8868799924850463,1.194,True,LEELRAELEAIADGSLPAELLLLPEYRELPLRLVDIITKNPDLETRRAALALLDLYFRKLDPEGQYLLMKYLLENANDSGVRAHIINRIREQVAAALAGPGLDKYFLGENLQELLKLVFKLPEGENTNLDKWREYILAALNLLRYLILADSPEENRTGFWTNLDEILENFLKPLEAALKKARAEVEKRIAELEAQRAARALSATAAPGPRIPGMSLEDQLRVLRDSLTDLDLLEFVLNEVLELIEKR
RFD_16_best,Batch2,RFdiffusion,94,0.8198715845743815,0.7324145237604777,0.7383610606193542,0.8827962478001913,,,SEAELAAAIAELRAALEALTAAELELFALLGDEEGAARAEADAARRREELAALEAAARADPAALAALRARLEEIRRRLAATEQDLARLRARQLA
RFD_32_best,Batch2,RFdiffusion,65,0.7282945315043131,0.822913646697998,0.7925907373428345,0.8654394149780273,,,MEEEKEREEKIKELEEEAKRLEEQIKELEEEEKKKGKLPGDKRRHLKVLEDWLKEVKEKIEELKK
GLMN_T0.1_s12,Batch1,GLMN,247,0.8647316694259644,0.6835455894470215,0.7277210116386413,0.890794575214386,1.011,True,LEELRALLEAIPDGSLPASLLDLPFYRELPLRLVDIIVNSPDLEERRAALELLDLYFRKLDPEGQYLLAKHLLEHSNHSGVRAHVIRRIRDRIAEALAGDGTVTEFLGAKLVDLLDLVFKLPEGANTNLDANREAILAALNLLIYLVIADSPEENKTGFWSILDKVIENFLKPLQEALAKARAEVEARIATLRAQKAGRALSPEAAPGPVIPDMSLDDQLKVLEDSLNDLDLLEFVLNQVLELIKKR
GLMN_T0.2_s4,Batch1,GLMN,247,0.8587492227554321,0.6888782501220703,0.7408869862556458,0.8768897891044617,0.78,True,LEELKEELLKEEDGSIPASKLDEPEYIELPLKLCDIITKNPDLELRKKALELLKLYFRKLDPEGRYKLMKHLLKNSNDSGIRAFIINLIRDEVKKALSSDGSITEFLGDKFVELLELVFKLPEGENTNLDANREYILAALNLLIYLVISDSEEKNLTGFWDILDKIKKNFLEPLKKAIEKAKAEVQKRIAETRAQYLGRLISKVRKPGSLIPDLSLEDQLKVLEQSLNDLELIEHVLNEVEELIKKR
RFD_163_best,Batch2,RFdiffusion,70,0.7332520683606466,0.8130043943723043,0.791660726070404,,,,MEEEEEEEEEEEEEEEEEEEEEEEEEELEEELEELHEEILEESLETLSRLLALLLLLLLALLLALLLLLL
RFD_185_best,Batch2,RFdiffusion,71,0.7442414363225301,0.8008288741111755,0.7942197918891907,0.7776036858558655,,,SERRRELEERVRELRREIEEIRRRENGSPEAQERVARLEAELRGLEEERERAERAEAVARARALRAALAAA
RFD_45_best,Batch2,RFdiffusion,68,0.7655222415924072,0.7775288025538126,0.7789572278658549,,,,AALAAALAALLEACRAEAEAYRERLLAVLSARTSPEDAERAERYAEAEAERLFRQLTAQRLEELAAAA
GLMN_T0.2_s11,Batch1,GLMN,247,0.8460993885993957,0.6951534986495972,0.7555481791496277,0.8779497027397156,1.491,True,LEALREALAAIPDGSLPASLLDLPLYRELPLQLVDIITNSPDLAERKAALDLLGLYFRRLDPEGRYLLIKYLLENSNDSGVRAWVINEIRDLVLEALKKSGEDTYFVGEKLQELLELVLRLPNGENTNLDKWREYILASLNLLIFLVTSDSKEKNITGFWDRLEDIEKNFLEPLKKGIAKARATVEARIAQLQAQKANAALSATAAPGATIPNLTADDQLKVLQDSLNDLDLIQFVLDRVLELIKKQ
GLMN_T0.3_s14,Batch1,GLMN,247,0.8544739007949829,0.6844141364097596,0.7475795388221741,0.8784955739974976,1.094,True,LEEIEKALNKLPDGSIPASLLELPEYRELPLNLCTIITKSPDLEERKRALKLLDLYFKKLDPEGQYLLITYLLKHSNHSGIRAHLIRRITKLVYEALAGPGDVQEFLGEKFVALLKLVLKLPKGADTNLDLWREHILAALNLLLFLITRDSPERNVTGLWDILETIEKEFLLPLKEALTKARAEVTARIAKLEERIAARATSSKDKPGAVIPNLTPEDQLRVLQDALIDLDLIEFILEQVLEAIQKR
RFD_132_best,Batch2,RFdiffusion,92,0.7913462519645691,0.7435885071754456,0.7523021101951599,0.7711905241012573,,,SALAALQRRIAVRKAHAAARRAALEEQEARDRAAVEAECAAIRAADGSAAALARCAALRAAAEAAHAARRAELERELAELEAEIAAEEAKFA
GLMN_T0.2_s16,Batch1,GLMN,247,0.8579501152038574,0.676148521900177,0.7456175208091735,0.9008197903633117,0.644,True,LDELRELLLKIPPRSLPASLLDLPVFRQIPLALVDIITKSPDLEERRAALELLDLYFSRLDPEGQLKLSRYLLENSNDSGVQAHIINQIRDLIAEALAQDGTIQEFLGEKLVELLKLVFKLPEGANTNLIANREHILAALNLLRYLVTADSPEDNKTGFWTILDEIKKNFLEPLKAGIAKARATINARIAQLKADIAGKSLSSTAAPGPEIPNVTPEDQLKILQDALNDLDLIAFVLDDVLELIAKR
RFD_1_best,Batch2,RFdiffusion,75,0.8535277843475342,0.6767312089602152,0.694889505704244,0.8348573048909506,,,ASECLDKMVEIVLETREEIEKAKEEGEKEIKEVEEKYGKEAAEKKKEEVEKKIAEIEEEAEKKIAEVIEEYKKAA
RFD_167_best,Batch2,RFdiffusion,70,0.8703163862228394,0.6564714312553406,0.6848812103271484,0.6368798812230428,,,PATRDYPAEAEEERKKKKEEEEKILKEIEKLEKEDPEKAKKKKEEIEKKIEEEKEKALKKKLEKLKKLLQ
GLMN_T0.1_s8,Batch1,GLMN,247,0.8507767796516419,0.6749947905540467,0.7421169996261596,0.8834031343460083,0.926,True,LEELREKLLKLPPGSIPASLLDLPEYREIPLRLVEIITKSPDLEERRAALELLDLYFDRLDPEGQYKLIKYLLENANDSGVRAHVIRRIRDLVAEALAKDGSEKEFLGENFVELLKLVFKLPKGADTNLDANREHILAALNLLRYLVLSDSPEKNLTGFWSILEEIEENFLKPLKEALKKSREEVEKRIAELEAQKKGRKLSKKAKPGSRIPNMTLDDQLKVLKDSLTDLDLIEFVLEEVLELIKKR
RFD_173_best,Batch2,RFdiffusion,89,0.8020056883494059,0.722199817498525,0.7302143375078837,0.9340082804361979,,,SKVETAELIRQSHRAFLDSLLAAADEALAAGDVELAIKYLTHALKELDYFRKVLEHLKELGYVTPEQYEAWLADIAARTAEIRARIAAL
RFD_46_best,Batch2,RFdiffusion,74,0.7488239804903666,0.7724131345748901,0.7860568364461263,0.884421149889628,,,SSKELIRQRLEELKEEREELLRRAKEELAGAIEAARAAGDEERARRLEEERELALNRVLQLERLIEIVEEFLES
RFD_118_best,Batch2,RFdiffusion,93,0.8145960569381714,0.7052007714907328,0.7290599942207336,0.8597211043039957,,,MAEEKIKKLKEEAEKKLKEAEEKRKEAEELERKAIELLKKAKESTPEKQKELLEKAKECLEEAKKKQEEAYKLLLEATKLHEEAKKLEEEYKK
GLMN_T0.2_s2,Batch1,GLMN,247,0.8534648180007934,0.6648479700088501,0.730560028553009,0.8899883151054382,1.4,True,LEALRAALLAIPEGSLPASLLEKPIYKEIPLALVDIIVNSPDLAERRAALELLDLYYSRLDPEGRYLLAKYLLKNSNDSGVEAHIINRIREEIAKALAGPGDVTEFLGKNFQELLELVFKLPNGENTNLDENREHILAALNLLLFLVTSDSPEKNKTGFWTILPKIKKEFLDPLKKALEKARAEVEARIAALREQKASLALSPERKPGPVIPDVSLDDALKILEDSLNDLDLIDFVLNQVLEAIAKR
RFD_47_best,Batch2,RFdiffusion,84,0.7339378794034322,0.7798801263173422,0.7862310806910197,0.48974507053693134,,,AALAALAAAAAAAAAAAARAAALAAEVAAIRDENLAELEEERERREEQEEEEEEEEEEEEEELEEEEEELEEEEEAEEEEEEER
RFD_58_best,Batch2,RFdiffusion,84,0.7579442461331686,0.753741999467214,0.7554831504821777,0.7311691045761108,,,GNEELKELEETIEEIKELFELALEREKARLKEIAEAAAAADPENAAEVRAKYEANLKAREERREKHMEELFEEMEEILEEKREK
RFD_20_best,Batch2,RFdiffusion,77,0.7935941020647684,0.713135818640391,0.721714437007904,0.8093738555908203,,,ALAEAAAAAAAAAAAAAAAAEALAAQRLARKREQAAELKARAAELAAAGDEEAAAKYEAAAKALEAEVAEEEARRAA
RFD_26_best,Batch2,RFdiffusion,75,0.743502696355184,0.7585424383481344,0.7619186441103617,,,,DAALAAARLALRLAELARRLAALAARAATAAAMAAAGPAEAAALAAAAAAAEAARRALAAAEAAARQAELNALME
RFD_178_best,Batch2,RFdiffusion,67,0.711958110332489,0.788210411866506,0.7578678727149963,,,,MVSEEELKKLEEEKKKEEEKEKERKKEEEELEKLREELEKEKEKKLEELKKKLEELKKKLEEEKKKK
RFD_33_best,Batch2,RFdiffusion,79,0.7789461016654968,0.7209838032722473,0.7182775735855103,0.8900726636250814,,,AAAEAARALLEAARAALEAERAEVEAEAAALRAEAAALKPTTPEQAARVAALEAEVEKLESRAEALRLRIAHLDELIAA
RFD_10_best,Batch2,RFdiffusion,90,0.8230687975883484,0.6760781009991964,0.7072178920110067,0.8753931522369385,,,SPAAAAAAAAAAAAAAAAAAERLAAGLDLLLHRMRVLGVSLEEMIALFRELRAALEAEAAAAKDPAEVLRLEAQIAVVGEHLDRLEAEAA
RFD_106_best,Batch2,RFdiffusion,93,0.8441787759462992,0.6543317437171936,0.6692874232927958,0.7811975280443827,,,AAAAALAAAAAAAKAALARAAALHAGRAQRLANLAELEPERAAVLAALAAAHAVLAVALALAALGPAAAAAGAALLAAAAAAAAAAAAAALAA
RFD_199_best,Batch2,RFdiffusion,80,0.8734724919001261,0.6221149961153666,0.6723888516426086,0.4638422131538391,,,MDAEAREKARAAQAAAAAALAAALPALLALAAAGLAPALAAALAVGGAAAAAELAARGAVYEEEMERLAKEIEEELEKAE
CUL1_WHB_T0.1_s8,Batch1,CUL1_WHB,72,0.7592929720878601,0.7359642267227173,0.722925353050232,0.9433990716934204,5.67,True,DLKLFRIKGAIVRIMREKKVLKLDELIALVKEELASEFIPEDEDILRAIALLEERGYLRRVPGDPNTYEYLP
RFD_39_best,Batch2,RFdiffusion,75,0.7299530506134033,0.7624139189720154,0.7556952238082886,0.7999233404795328,,,SAAAAAAAARAARARAAAALLREGEATGDEAAREATLAELAALGPELLAATLAIVEAEKRREEEAEELREEMEEA
CUL1_WHB_T0.2_s16,Batch1,CUL1_WHB,72,0.760988962650299,0.7306822180747986,0.7420061111450196,0.9464463949203491,6.075,True,GLKEFRIRGTIVKIMKEKKVLKYDELKKLVKERLKDEFVPEDDLIDRCIAILIERKYLAIVPGDPNTYEYLP
RFD_162_best,Batch2,RFdiffusion,89,0.8461701472600301,0.6389987071355184,0.6692839860916138,0.6184154748916626,,,EEERERLRELAETLPEELIEAFRERLKALGYKEEEISDEQLRLALAAVVAEDPENLEEALERLFEGARAREEKLEAIAAEIEAELEALK
RFD_110_best,Batch2,RFdiffusion,72,0.7516395350297292,0.7273362676302592,0.7428688208262125,0.885574996471405,,,LLDEFLQAHAERLAELEAAEAATKAAAAALAAAGGDPAAVAALRAEAERLARLTEQERKRYDLLAKLAEEQR
RFD_2_best,Batch2,RFdiffusion,89,0.727606197198232,0.7496137221654257,0.7693491578102112,0.8541254003842672,,,MLEKFLEALELEADPSKKEEAKALFEKYEAKRFKKELEEIKKLPEEEREKKISQLIKEVKQIKNMSPLMGEIAEKLLEESLKEIEEEKK
RFD_35_best,Batch2,RFdiffusion,67,0.7178085048993429,0.7549910346666971,0.7681923111279806,0.7499014139175415,,,AAARAAELAALQARIAELEAELAALRAELEKAEEKSKATGKKIGELEVRLARAEAELRALRIRVERL
GLMN_T0.3_s16,Batch1,GLMN,247,0.8606737971305847,0.6118553638458252,0.6739757299423218,0.8892666220664978,1.058,True,LEELREELEKIPDRSLPAEKLLQPEYIKIPLELVKLITYSPDIEVRKEALELLDLYYDRLDPEGRYLLMKHLLKNSDDSGIRAHVVRRIRDEIAEALKQEGKITEFVGEKLVELLKLVLKLPEGEETNLIANSEFILAALNLLIFLVTADSKEKDVTGFWSILKEILENFLEPLKKALKKSRATITARIDTLRARMAGAALSPEAAPGTVIPNLTPADQLAVLEDGLIVLDRIEFVLNKVLELIEQQ
RFD_120_best,Batch2,RFdiffusion,75,0.7735660274823507,0.6906212170918783,0.7155320644378662,0.7515382369359335,,,SLAALLAAAAAAAALAAAAAKVAALRAEIEAARAAAAAICAALVAAGVAPAHECRKAAREYLTTVVVAGARAALA
RFD_181_best,Batch2,RFdiffusion,91,0.711193323135376,0.7494328816731771,0.7523360451062521,0.7310929099718729,,,SAARAAEERALLAALEAAVAELLATGSLAALHEARRLAREFELMDSPDPELRARAAAVRERIAPLVAALEERRKREREEREREELLRRLLG
RFD_7_best,Batch2,RFdiffusion,80,0.7803077697753906,0.6762068470319113,0.6814195116360983,,,,SAAREAERAARLEALIAEKAAEIAAADPENAAALTAEVAAAARATLAAEEEREATGVEEERARLEAAERAAEEERRLREL
RFD_28_best,Batch2,RFdiffusion,82,0.7233517169952393,0.732663611570994,0.7358224789301554,0.7932781179745992,,,ISEEEKKKLKEELEKEEEKIKEEVSKYLEESLEEIKELERLALKDPSYEEELEKKREEIIEYLKKKEEEIEKKKKELEEKLK
RFD_133_best,Batch2,RFdiffusion,93,0.7551222046216329,0.7002294858296713,0.7303804755210876,,,,VSNNLYLIGEIFEKIYKEESEKREKEKKEYEEILKKAEKGEDKESKEEAEKKLEELKEEEKILESIKERVERRQEALEKERKELLEKLLELLK
RFD_89_best,Batch2,RFdiffusion,95,0.8050447702407837,0.6455866495768229,0.6694941520690918,0.6027266581853231,,,SEELEKLAKELEERLAKNAQERAAELEEFEAIAAEVRAEEAAEVAARLAEIAALAAEDAAAAAAAARELEEALRARALARMEERRKALEALRELL
RFD_165_best,Batch2,RFdiffusion,77,0.7290712594985962,0.7209692597389221,0.7266467809677124,0.44001467029253644,,,MLSPTSLCSRKVAAIVAAVLALVAAGLAAGLPLWAVYLALLVAAVVFSAVSLALCAVVCGAREEEILAFNEEQLAAL
CUL1_WHB_T0.1_s7,Batch1,CUL1_WHB,72,0.7105338454246521,0.7364866852760314,0.724332332611084,0.9407405614852905,5.854,True,GLRRFRIRGAIVKIMREKKVIKREELIELVKEELKSEFIPEESEILREIAVLEERGYIRIVEGDPNTYEYIP
CUL1_WHB_T0.1_s4,Batch1,CUL1_WHB,72,0.7483691334724426,0.6904797196388245,0.7086862921714783,0.939265763759613,5.304,True,DLKLFLISGTIVKIMREKKVLKRDELIALVKEALADKFTPADEDIERAIAVLIDRGYLRVVEGDPDTYEYLP
RFD_90_best,Batch2,RFdiffusion,85,0.7948278188705444,0.6417538523674011,0.6690055330594381,0.589472234249115,,,ALAEALAAAAAAAAAAAAAAAAAALAALAEAAKAALEARIQRMLELWKAKHEDPEKAEEELEEMIEELIEARRAAGAALALLLAL
CUL1_WHB_T0.3_s11,Batch1,CUL1_WHB,72,0.7273331165313721,0.7037729859352112,0.7041669964790345,0.943572199344635,5.625,True,GMKRFLIRGSIVKIMRKEKILKREELKKLVKEQLKHIFTPADDLIDEEIAVLIERGYLEVVEGDPDTYRYLP
RFD_12_best,Batch2,RFdiffusion,65,0.7345880270004272,0.6963104009628296,0.7056267658869425,0.5054597655932108,,,AAALAALAAAAAAAAAAALAARYGALGAIEIRRENEKKAEEEAKEEEEEEEEEEEEEEELEEELK
RFD_21_best,Batch2,RFdiffusion,92,0.7364410956700643,0.6813218792279562,0.7154471278190613,0.6202598810195923,,,SEELAKARALFDERLKALRALRAAAVRAAADAAAAAELAALAASGAPDAAARVAAARAEAEAAAAAAAAALAARLAEEEARARELWEEMLAG
CUL1_WHB_T0.1_s6,Batch1,CUL1_WHB,72,0.7244853138923645,0.6851851224899292,0.6593021273612976,0.9416575193405151,4.963,True,DEKLFLIRGAIVKIMRKKKVIKKEELIKLVKEELKDKFNPPDELIERAIAILIDRGYLRIVPGDPNTYEYIP
CUL1_WHB_T0.2_s3,Batch1,CUL1_WHB,72,0.7009738802909851,0.7075981736183167,0.7441723585128784,0.9427541732788086,5.024,True,GLRRFRIRGAIVKIMREKKRIKRDELVAEVKKALASEFKPADSDIDREIAVLEDRGYLRVVPGNPDEYEYLP
RFD_5_best,Batch2,RFdiffusion,91,0.769777516523997,0.6335596044858297,0.6598271131515503,0.5568510293960571,,,ELPIEEEFDERVEEFLEEREEEEEEEEALARELAAAAAALAAAAEALAALAASPELAAAARALAAALAAAAAAAAAAAAAALAALLAALAA
RFD_29_best,Batch2,RFdiffusion,95,0.7005110383033752,0.6965977350870768,0.6976186633110046,0.7826640009880066,,,PDASWEEIWAKLEELHAKMLEYRKLAQEYKKKAEELKKKIEELGEAPEELKKEAEELEKKAEEAKAKAEEYREKALELVRFRQKGREEGLKLLEE
RFD_78_best,Batch2,RFdiffusion,77,0.7510579824447632,0.6308628519376119,0.66487056016922,0.6395662228266398,,,MEELLAKLARLLAAKEEVERRNAERAERAAAEAAALAALAAAALAAAAAAAAALAAAAAAAAAAAAAAAARAAAEAA
RFD_190_best,Batch2,RFdiffusion,76,0.7311068574587504,0.6338692108790079,0.6579197446505228,,,,EELERREEEEIAELRALADALAAEAAAAGEGPSARTALVEALYRHIAARRESREERAEVREAQAEMEKLRAEVLAK
RFD_108_best,Batch2,RFdiffusion,85,0.7254435221354166,0.6377399365107218,0.6512950460116068,0.5828532576560974,,,PTAAELAAAAEEIAAARALAERELRARRARRRAAEPDVDPEDAAAAETLAADRAAALAAAAAAAAAAAALAAAAAALAAAAAALA
RFD_19_best,Batch2,RFdiffusion,70,0.7505700389544169,0.6044761935869852,0.6422891020774841,,,,AAAEAAARAAAAAAAAAAAAAAAAAAAAAAAAALAAYLAAHAEELAAREAEIKKEREELELAERLKKLLE
RFD_146_best,Batch2,RFdiffusion,66,0.7101763685544332,0.6312809785207113,0.6591100891431173,0.6789290110270182,,,GAALAAAAAAAAAAAAAAAAARAAAAAAAAAAALAAAAAAALAAERAAALAAVREALEAERERLAR
RFD_77_best,Batch2,RFdiffusion,66,0.732200543085734,0.5860310594240824,0.6236677169799805,,,,SAAAAAEAAKLAAIEALGLELAERNRAQEELLAAHPEAAAAAAAAALAAALAAALAALLAAALEAL
