name,run,length,iptm,iplddt,ptm,seq
supreme_korsakov-7,supreme_korsakov,150,0.508486807346344,0.7435418963432312,0.8098580241203308,ASLTAQIATLVSEISALVSQLIASGQLDAATTTLLQGVQSTLSSVSALVSEAQALDASIGSSVQAVPPVAAATATYKDLINQTLTVIYYTLVDLKGALQDLQAAIAAGDAQAVAQAVAAVQDLANRLDVETTLLSGYIAEAKAKGLNATA
spellbound_carter-4,spellbound_carter,100,0.4870094060897827,0.7221866250038147,0.757953941822052,PAELATPTAAQIADLKTKANAGDATAQCNLGNIYSRQGNTEQAIQWYQKAADQGNATAQFNLGNIYSRQGNTEQAIQWYQKAADQGNTGAQNRLAYLKAQ
supreme_korsakov-6,supreme_korsakov,150,0.4236563742160797,0.8201764822006226,0.8325501084327698,SAAEIENLLTSNGFVKISNNVYINENVKKQTIKKILIVEDDSIIRAGLKTILENEGFEVDEANNGIDALDLLKENSYDLILMDIMMPIMDGIEATKKIRESDAKDIPIIFVTAETDIATLKEAIDTQPAGFILKPFEASELIQAINALQA
supreme_korsakov-8,supreme_korsakov,150,0.4082319438457489,0.7827039957046509,0.8183395266532898,AYPNLVAAFGQAGVDALQAHLTTVATNLKVEETTSLTVAEWVEIMMLFYDELLGKVPCLAVLMSLDDFKTEATNILTALVQLTAAAPDTAALATLLATMKAAHAALGIGPAQFAIVSSAFASALAKSSLDDAKKAALAAAFDTLIAALTA
spellbound_carter-9,spellbound_carter,100,0.40803661942481995,0.7437999844551086,0.7634825110435486,AAAAALKATIAAVLETQHKLPPMVAAGAATIAVATAQEQLYKKKTPAEIQAAVQAKVEAFLLRQKVPPAVAKAAAAAAAALVVAAVKEGKLAPKKPGKVS
spellbound_carter-1,spellbound_carter,100,0.37290486693382263,0.7794200778007507,0.7574031352996826,GSELDTALKELFSIFDKENTGTINFEQFLTAMKQLFAKEKISATDLQKVCADAFSTVDKENTGTINFEQFKTAVKMVADKLKISESKLLDLVKETVAANT
spellbound_carter-8,spellbound_carter,100,0.3481777608394623,0.7813703417778015,0.7440462708473206,GPLTMAQVLYNLKQQSSNPKCKEAYDLLQKGQTLAAQGDTLFKQEKYAEALDKYQQALDCYQKALVILQDLEMTEEAAAVQEKIDVIKDKIAECQDKLAS
supreme_korsakov-9,supreme_korsakov,150,0.33456850051879883,0.7886152267456055,0.7936420440673828,SNITINGKEYDIDAVIKKVFDKYDTDKSGTLDKDEVGTLILDIFDTDKSGTIDFNEFKVLVKSLAILPMNASDAEIKEVFDKYDTDKSGTLDKDEVGTLILDIFDTDKSGTIDFDEFKVLMSPLLHAYSIGYLPAAVAAKVQAVILSALA
supreme_korsakov-1,supreme_korsakov,150,0.3336063623428345,0.7441552877426147,0.7362107038497925,AAAAAAAAAAVAAAASKEYTLTHLKIKATVEQLVKNLSSPNDNVLIQAAEGLTEILQTVPDDEKANVAKAVIQHGGIEKLVKLLSSPNDQVLISALEALSALLDVEDVAGQVADAVREHGGIEKLQALQKHENEKVATAAAELLAKILAV
supreme_korsakov-5,supreme_korsakov,150,0.3320007920265198,0.6804403066635132,0.7026095986366272,ASADAVNEILEEAERIKKDEPEKVNEIVNEILEEAERIKKDEPEKVNEIAEILEEEQAIDPEKAKELAAIIAAAIKIAFEARAEGKTFNETAAIVAAIEIILEEEEAIDPEKAKELAAIIAAAIKIAFEARAEGKTFDEALNEIIEILKT
supreme_korsakov-4,supreme_korsakov,150,0.3275841176509857,0.7910056710243225,0.7877532243728638,ADPTNVTAAQLQTQSIAAVIAAFYAAVNADATLKAVQAKFSAADWAAHTAKVSAAMTTVLNAAVAAAKTKPDVTAADILADPAVKALLAQLPAVGALHKGKGVGPAEFAVVKTHFVAAVTAEPYFSSIDAATWGTVFDALAAEIMKGVNA
spellbound_carter-3,spellbound_carter,100,0.28749117255210876,0.736110508441925,0.7013515830039978,ASEADKKQSFYEQIIEMVDNFYKRNKIDSSLYKQLMTEITKIKYQVDQDAAASEADKKQSFYEQIIEMVDNFYKRNKIDSSLYKQLMTEITKIKYQVDQD
supreme_korsakov-10,supreme_korsakov,150,0.20369510352611542,0.7986136078834534,0.6139578223228455,EVAHHVGEVAKHTGEAAKHADVADMKGMAHHLGEVAKHTGEAAKHTGAHDEVAHHVGEVAKHTGEAAKHADVADMKGMAHHLGEVAKHTGEAAKHTGALGHDEVAHHVGEVAKHTGEAAKHADVADMKGMAHHLGEVAKHTGEAAKHTGA
spellbound_carter-10,spellbound_carter,100,0.20284992456436157,0.7268223762512207,0.5925717949867249,ADSEARDAEIKRLYLDEFLSQQEIADKLGISQPTVSNTLKRLGISSADRSQARDAEIKRLYLDEFLSQQEIADKLGISQPTVSNTLKRLGISSAARAAVA
supreme_korsakov-2,supreme_korsakov,150,0.18027687072753906,0.4867275357246399,0.4414754807949066,ATIYPTKQIRTPEELQAARDNEAKFTPLINKVAAQVSKETGVSVSPKLLKAIIGTESNFDPNAVNKTAEGTSYGLMQIMGATWNQVRGQVGGSSVKELLDPERDIRAGALFLAKTAKMNKRNYVIPQDVFLYYNRSQSYYNHVTAAYNAL
